enterprise_lead_id,tour_date,number_of_developed_contracts_owned,number_of_managed_contracts_owned,number_of_trust_contracts_owned,number_of_vip_sampler_contracts_purchased,number_of_resale_contracts_owned,first_voi_sold_date,most_recent_voi_sold_date,total_spent_life_to_date,total_intervals_owned,total_net_weeks,total_net_points,largest_list_price_purchase
667570561,2022-07-23,0,1,null,0,0,2021-09-11,2021-09-11,25990.00,1.00,1.00,5440,25990.000000000000
664787193,2021-11-26,0,2,null,0,0,2019-05-27,2021-01-08,58295.00,2.00,2.00,22080,58295.000000000000
667467833,2021-02-25,1,0,null,0,0,2008-11-19,2008-11-19,22945.75,0.50,0.50,13440,22945.750000000000
664575681,2024-05-03,1,0,null,0,0,2015-11-01,2023-11-26,44730.90,1.00,0.50,13440,44730.900000000000
667120825,2023-11-08,2,0,null,0,0,2005-03-02,2023-10-18,25490.00,1.50,0.50,15680,25490.000000000000
667519402,2024-01-17,0,0,null,0,0,null,null,0.00,0.00,0.00,0,2495.000000000000
681182403,2022-07-16,1,3,1,1,0,2018-02-27,2022-05-30,417998.00,7.00,6.00,73310,109866.000000000000
682067511,2015-02-15,0,1,null,0,0,2013-05-18,2013-05-18,14940.00,0.50,0.50,8000,14940.000000000000
683688363,2012-09-15,17,2,null,0,19,1988-03-02,2025-06-02,0.00,0.00,0.00,0,0E-12
681125403,2025-06-09,0,1,null,1,0,2012-11-10,2024-06-22,42250.00,1.50,0.00,11200,42250.000000000000
683430505,2025-03-20,5,0,null,0,0,2007-08-01,2023-03-17,387360.00,6.00,4.00,113760,154849.000000000000
683170099,2023-06-17,1,0,null,0,1,2004-05-16,2004-05-16,0.00,0.00,0.00,0,0E-12
683814507,2021-09-04,0,0,null,1,0,null,null,0.00,1.00,0.00,0,1695.000000000000
674246823,2023-05-29,1,0,null,0,0,2022-05-30,2022-05-30,22750.00,0.50,0.50,8000,22750.000000000000
675601527,2024-08-20,0,1,null,0,0,2006-12-06,2022-10-17,48990.00,1.00,0.00,11200,48990.000000000000
672028301,2023-07-28,1,0,null,0,0,2017-08-01,2017-08-01,24460.00,0.50,0.50,9920,24460.000000000000
671743477,2023-09-29,1,0,null,0,0,2019-06-07,2019-06-07,21150.00,1.00,1.00,5440,21150.000000000000
672352941,2021-10-31,1,0,null,1,0,2013-04-06,2018-02-18,67947.00,2.00,0.00,14400,67947.000000000000
672329915,2023-07-25,0,1,null,0,0,2012-05-25,2015-07-17,41402.00,0.50,0.00,14880,41402.000000000000
673446989,2024-04-15,1,1,null,0,0,2015-07-08,2019-07-02,111600.00,3.00,1.00,39040,74160.000000000000
672463367,2023-01-14,0,1,null,1,0,2021-09-21,2021-09-21,12350.00,1.50,0.50,3520,12350.000000000000
679026877,2025-06-30,1,1,null,0,0,2009-06-12,2022-08-04,121636.00,2.00,0.00,32160,72062.000000000000
680561705,2022-07-25,0,0,null,0,0,null,null,0.00,0.00,0.00,0,0E-12
680211643,2023-06-22,1,0,null,0,0,2008-06-29,2011-06-25,37490.00,1.00,0.50,11200,37490.000000000000
690606961,2023-11-18,1,0,null,0,0,2011-06-17,2022-12-06,112990.00,1.00,-1.00,20160,112990.000000000000
690736946,2025-01-21,0,0,null,0,0,null,null,0.00,0.00,0.00,0,0E-12
691285462,2025-09-07,0,0,null,1,0,null,null,0.00,1.00,0.00,0,1695.000000000000
691401611,2022-11-29,2,1,null,0,0,2010-07-26,2021-10-27,320429.00,3.00,0.00,62960,178801.000000000000
664249369,2023-10-11,3,0,null,0,2,1999-05-26,2015-03-10,16685.00,0.50,0.50,7680,16685.000000000000
665074077,2022-04-19,1,0,null,0,0,2018-02-28,2018-02-28,64990.00,1.00,1.00,16800,64990.000000000000
681352931,2025-06-24,0,1,null,0,0,2024-09-09,2024-09-09,14950.00,0.50,0.50,5600,14950.000000000000
681083411,2022-09-18,2,1,null,0,2,1996-05-13,2021-09-13,12350.00,0.50,0.50,3520,12350.000000000000
683297577,2022-05-10,0,1,null,0,0,2014-07-29,2018-08-22,46957.00,1.00,0.50,10560,46957.000000000000
674216327,2021-11-05,0,1,null,1,0,2015-06-30,2016-06-26,27390.00,2.00,0.50,8000,27390.000000000000
674731823,2023-12-16,1,0,null,0,0,2012-11-18,2012-11-18,22490.00,0.50,0.50,9920,22490.000000000000
676360339,2020-07-08,0,1,null,0,0,2014-01-31,2020-05-29,204098.00,3.00,0.00,44160,204098.000000000000
676470685,2021-08-16,0,0,null,1,0,null,null,0.00,1.00,0.00,0,1695.000000000000
675908819,2021-08-27,0,0,null,1,0,null,null,0.00,1.00,0.00,0,1695.000000000000
675740529,2024-08-14,1,0,null,0,0,2023-10-05,2023-10-05,10005.00,0.50,0.50,4800,10005.000000000000
675306803,2022-03-23,1,0,null,0,0,2012-07-29,2019-06-20,65700.00,1.00,0.00,13920,65700.000000000000
672943843,2023-02-16,1,0,null,0,0,2010-09-24,2019-06-23,40945.00,1.00,0.50,22400,40945.000000000000
670862001,2023-10-06,2,0,null,1,0,2017-11-25,2022-12-28,66995.00,2.50,-1.00,31680,48795.000000000000
671406921,2024-09-20,1,0,null,0,0,2013-03-27,2023-07-04,50700.00,0.50,0.00,14880,50700.000000000000
677726067,2022-12-08,2,0,null,0,0,2008-02-14,2019-03-22,53279.00,2.00,-2.00,43680,189432.000000000000
679999759,2022-02-11,1,0,null,0,0,2019-01-27,2019-01-27,17870.00,0.50,0.50,5440,17870.000000000000
691860930,2025-10-07,0,0,null,1,0,null,null,0.00,1.00,0.00,0,1695.000000000000
690194436,2024-09-06,0,0,null,0,0,null,null,0.00,0.00,0.00,0,0E-12
690806248,2023-10-04,0,0,null,0,0,null,null,0.00,0.00,0.00,0,0E-12
689628476,2023-08-26,0,0,1,0,0,2023-07-01,2023-07-01,11900.00,0.00,0.00,2750,11900.000000000000
667763111,2022-08-30,1,1,null,0,0,2013-06-24,2016-03-09,87876.00,2.00,0.00,22720,57990.000000000000
667068957,2024-10-12,2,0,3,0,0,1999-10-27,2024-08-22,164650.00,4.00,2.00,55900,82090.000000000000
666209239,2021-10-26,1,0,1,1,0,2013-10-31,2020-11-01,53085.00,2.00,0.00,14950,39135.000000000000
664600345,2024-03-02,5,3,null,1,0,2002-02-23,2017-06-09,364440.00,11.00,8.00,136640,145600.000000000000
682331655,2023-08-15,1,0,null,0,0,2009-03-14,2019-10-03,55260.52,1.00,0.00,11520,55260.510000000000
683333361,2022-03-20,2,1,null,0,0,2001-06-01,2015-10-16,516335.00,4.00,1.00,55360,119000.000000000000
683475521,2022-11-25,2,0,null,0,1,1994-04-06,2021-08-10,92490.00,1.00,0.00,23040,92490.000000000000
674276379,2022-03-18,0,1,null,0,0,2019-04-21,2019-04-21,10395.00,1.00,1.00,2560,10395.000000000000
675270327,2023-05-20,0,1,null,1,0,2018-07-01,2019-12-28,20800.00,1.50,0.00,8000,20800.000000000000
671865289,2022-02-14,1,1,null,0,1,2013-03-03,2017-02-16,36795.00,1.00,-1.00,11200,36795.000000000000
678868117,2025-05-17,0,0,1,0,0,2023-09-19,2024-09-26,21980.00,0.00,0.00,2250,15080.000000000000
678020589,2025-06-02,0,1,null,0,0,2023-08-07,2023-08-07,21055.00,0.50,0.50,9280,21055.000000000000
678721473,2021-08-18,0,0,null,0,0,null,null,0.00,0.00,0.00,0,0E-12
680265077,2024-09-24,2,1,1,0,0,1995-06-25,2022-08-30,195650.00,7.00,4.00,70140,111360.000000000000
690754822,2024-11-30,0,0,null,1,0,null,null,0.00,1.00,0.00,0,1695.000000000000
691193967,2021-05-02,0,0,null,1,0,null,null,0.00,1.00,0.00,0,1795.000000000000
690605328,2026-01-12,0,0,null,1,0,null,null,0.00,1.00,0.00,0,1695.000000000000
666192755,2023-07-09,1,0,null,0,0,2023-06-27,2023-06-27,32500.00,0.50,0.50,11200,32500.000000000000
666671839,2025-10-14,1,0,null,0,0,2024-10-22,2024-10-22,13905.00,0.50,0.50,7680,13905.000000000000
666920695,2022-12-19,1,0,null,0,0,2010-09-11,2011-12-26,39618.50,0.50,0.00,16800,39618.500000000000
666360817,2025-11-04,1,0,null,0,0,2025-08-21,2025-08-21,54980.00,1.00,1.00,11200,54980.000000000000
666132317,2022-10-25,0,1,null,0,0,2019-12-10,2019-12-10,15020.00,1.00,0.00,9920,31000.000000000000
680760471,2023-10-26,1,0,null,0,0,2012-07-28,2022-03-28,101474.00,2.00,0.00,22720,101474.000000000000
683498777,2021-11-06,0,1,null,0,0,2013-10-23,2015-08-25,67300.00,1.00,0.00,14880,67300.000000000000
681327213,2022-08-25,0,1,3,0,0,2014-09-24,2022-07-06,253747.00,1.00,0.50,29470,69865.000000000000
681871171,2022-12-03,0,0,null,1,0,null,null,0.00,1.00,0.00,0,1695.000000000000
683498733,2021-10-26,1,0,null,0,0,2015-09-24,2017-08-24,25900.00,1.00,-0.50,8000,25900.000000000000
683152737,2025-05-20,1,0,null,0,0,1999-12-20,2024-12-27,43055.00,0.50,-1.50,11520,43055.000000000000
682024071,2022-12-16,0,1,null,0,0,2013-03-04,2013-03-04,13260.00,0.50,0.50,5440,13260.000000000000
682063891,2022-07-11,1,0,null,0,0,2020-02-26,2020-02-26,49980.00,1.00,1.00,23040,49980.000000000000
683512323,2023-05-16,0,1,null,0,0,2019-02-02,2019-03-08,113620.00,0.50,0.50,7680,46900.000000000000
673945867,2021-07-23,2,0,null,0,0,2003-07-19,2019-07-07,219148.00,3.00,-1.00,57600,135168.000000000000
675400969,2021-07-08,0,0,null,1,0,null,null,0.00,1.00,0.00,0,1795.000000000000
675651811,2015-10-04,1,0,null,0,0,2013-01-28,2013-12-20,77200.00,1.00,0.50,23040,77200.000000000000
672761443,2021-08-10,0,0,null,0,0,null,null,0.00,0.00,0.00,0,0E-12
672005317,2023-11-28,0,0,null,1,0,null,null,0.00,1.00,0.00,0,1695.000000000000
678626157,2023-04-03,1,0,null,0,0,2018-08-23,2019-04-06,31520.00,0.50,0.00,9920,31520.000000000000
678349931,2022-08-29,1,0,null,0,0,2019-06-16,2019-06-16,19520.00,0.50,0.50,8000,19520.000000000000
678957469,2024-02-19,0,0,null,1,0,null,null,0.00,1.00,0.00,0,1695.000000000000
679424629,2022-10-08,0,0,null,0,0,null,null,0.00,0.00,0.00,0,0E-12
690527221,2023-04-20,0,1,null,0,0,2021-02-09,2021-02-09,10655.00,0.50,0.50,5600,10655.000000000000
689946321,2023-03-31,0,1,null,1,0,2021-09-23,2021-09-23,26650.00,1.50,0.50,8160,26650.000000000000
665934799,2024-06-25,1,0,null,0,0,1996-02-11,2017-08-15,45627.00,1.00,0.00,11520,45627.000000000000
666450409,2024-08-26,0,1,null,0,0,2024-04-03,2024-06-08,55990.00,1.00,0.00,11200,55990.000000000000
681368080,2025-06-14,0,0,1,0,0,2021-06-17,2021-06-17,8939.00,0.00,0.00,2500,9657.000000000000
682026025,2024-12-02,2,0,null,0,1,1995-06-23,2001-10-01,20990.00,1.00,0.00,11200,20990.000000000000
683033065,2024-11-05,1,0,null,1,0,2023-04-04,2023-04-04,16250.00,1.50,0.50,5440,16250.000000000000
681272595,2022-01-22,1,2,null,0,0,2009-08-22,2016-05-28,134693.00,4.00,4.00,52160,75285.000000000000
681670499,2010-09-18,1,0,null,0,0,2009-09-15,2009-09-15,9995.00,0.50,0.50,5440,9995.000000000000
675829271,2024-11-18,1,0,null,0,0,2014-02-14,2015-10-28,65020.00,1.00,0.00,14880,65020.000000000000
672866765,2022-04-26,1,0,null,0,0,2019-04-14,2019-11-19,54990.00,1.00,0.00,11520,54990.000000000000
672782507,2008-05-27,1,0,null,0,0,1997-04-30,2003-06-02,17090.00,1.00,0.00,7680,17090.000000000000
672571153,2022-09-16,0,1,null,0,0,2016-01-23,2017-12-04,172174.00,1.00,1.00,11200,77392.000000000000
671222467,2021-09-29,1,0,null,0,0,2017-07-01,2017-07-01,45990.00,1.00,1.00,8400,45990.000000000000
677955685,2024-01-31,0,1,null,1,0,2018-01-21,2020-02-09,29990.00,2.00,0.00,7680,29990.000000000000
680083773,2022-06-25,0,2,null,0,0,2014-06-05,2019-09-01,43295.00,2.00,1.00,18880,29990.000000000000
689840572,2024-08-08,0,0,null,0,0,null,null,0.00,0.00,0.00,0,0E-12
689742169,2025-05-06,0,1,null,0,0,2015-06-10,2019-06-02,29415.00,1.00,-0.50,8000,29415.000000000000
690144189,2024-02-20,1,0,null,0,0,2010-05-01,2011-07-13,39990.00,1.00,0.00,13440,39990.000000000000
690178056,2024-08-06,0,0,null,0,0,null,null,0.00,0.00,0.00,0,0E-12
667561987,2024-06-14,1,0,null,0,0,2009-12-29,2016-02-25,76375.00,2.00,1.00,22400,76375.000000000000
683751300,2022-03-30,0,0,null,0,0,null,null,0.00,0.00,0.00,0,0E-12
682678789,2022-07-16,0,1,null,0,0,2016-10-25,2019-12-01,43120.00,1.00,0.50,6912,43120.000000000000
674845519,2023-01-30,2,0,null,2,1,2000-02-21,2021-01-12,105168.00,3.00,-2.00,23040,123368.000000000000
674388403,2025-06-22,2,7,null,0,0,2009-04-20,2024-05-29,219343.00,9.00,6.50,102400,51860.000000000000
677235793,2022-11-03,2,1,null,0,2,2019-10-16,2024-08-02,34990.00,1.00,0.00,8000,34990.000000000000
676168845,2022-11-29,1,0,null,1,0,2018-03-11,2022-01-21,65990.00,2.00,0.00,16800,65990.000000000000
677297249,2021-12-17,1,1,null,0,0,2010-08-26,2019-12-12,166376.00,1.50,1.00,5440,73210.000000000000
675723313,2023-10-04,1,0,null,0,0,2013-10-14,2013-10-14,15795.00,0.50,0.50,9280,15795.000000000000
671111905,2023-12-19,3,1,null,0,0,2015-01-08,2023-12-08,599538.00,5.00,0.00,142560,337980.000000000000
671527783,2025-11-26,0,1,null,0,0,2013-11-03,2025-02-17,59940.00,1.00,0.00,10560,59940.000000000000
671487255,2024-10-16,0,1,null,0,0,2021-04-02,2021-04-02,14980.00,1.00,1.00,3840,14980.000000000000
670681409,2022-08-05,0,1,null,0,0,2004-01-06,2017-08-10,57029.00,0.50,0.00,20160,57029.000000000000
671185275,2024-11-22,1,0,null,0,0,2009-11-25,2009-11-25,18652.50,0.50,0.50,11200,18652.500000000000
678755955,2024-09-04,1,0,null,0,0,2006-06-24,2022-11-16,63723.81,1.00,0.00,19200,63723.810000000000
677878565,2024-03-24,0,0,null,0,0,null,null,0.00,0.00,0.00,0,0E-12
679406947,2022-04-02,0,1,null,0,0,2017-04-13,2019-11-23,55200.00,0.50,0.00,20160,55200.000000000000
679335473,2023-10-13,2,0,null,1,0,2004-01-02,2019-12-26,93216.00,4.00,0.50,27200,49156.000000000000
677657505,2021-10-17,1,0,null,0,0,2018-11-13,2018-11-13,20560.00,0.50,0.50,7680,20560.000000000000
680018639,2022-06-05,1,0,null,0,0,2010-07-11,2015-06-28,58990.00,1.00,0.00,16800,58990.000000000000
691426537,2024-03-15,7,0,null,0,0,2008-06-13,2016-07-08,149430.00,9.00,9.00,70080,40780.000000000000
690018151,2025-04-17,0,1,null,0,0,2018-09-11,2018-09-11,19500.00,0.50,0.50,7680,19500.000000000000
691871979,2022-09-06,1,0,null,0,0,2010-02-11,2021-04-19,37990.00,1.00,0.50,7680,37990.000000000000
690029171,2024-10-27,1,0,null,1,0,2015-07-02,2021-02-24,34990.00,2.00,0.00,12000,34990.000000000000
689948378,2024-06-26,0,0,null,0,0,null,null,0.00,0.00,0.00,0,0E-12
667068247,2024-09-05,2,1,null,0,0,1999-06-05,2024-05-02,81570.00,3.00,3.00,23200,40910.000000000000
667265203,2021-09-12,1,0,null,0,0,2006-04-28,2006-04-28,18395.00,1.00,1.00,8000,18395.000000000000
664840445,2025-05-23,1,0,null,0,0,2006-11-06,2024-07-10,59990.00,1.00,-1.00,11520,59990.000000000000
667355277,2024-08-17,2,0,null,0,0,2012-06-29,2023-03-13,93014.00,2.00,0.50,33600,55785.000000000000
665598145,2023-01-30,0,1,null,0,0,2021-10-21,2021-10-21,39980.00,1.00,1.00,11200,39980.000000000000
664943769,2025-02-19,0,0,null,1,0,null,null,0.00,1.00,0.00,0,1695.000000000000
681366673,2025-07-15,2,0,null,0,0,2008-04-30,2024-12-27,113027.00,2.50,1.50,31680,75977.000000000000
681974743,2023-11-30,1,0,null,0,0,2013-02-08,2013-02-08,48500.00,1.00,1.00,13440,48500.000000000000
681897183,2021-05-02,1,0,null,0,0,2000-08-10,2002-12-24,20950.00,1.00,0.50,11200,20950.000000000000
681851313,2022-11-23,0,1,null,0,0,2017-07-09,2017-07-09,15990.00,1.00,1.00,3520,15990.000000000000
674911711,2023-08-29,0,1,null,0,0,2019-08-07,2021-07-19,22100.00,0.50,0.00,7680,22100.000000000000
676821093,2022-04-01,0,1,null,0,0,2020-01-02,2020-01-02,15920.00,0.50,0.50,5440,15920.000000000000
670788285,2020-02-22,0,0,null,0,0,null,null,0.00,0.00,0.00,0,0E-12
673358645,2024-07-19,0,1,null,0,0,2021-08-20,2021-08-20,39990.00,1.00,1.00,8800,39990.000000000000
670901291,2023-03-20,2,0,null,0,0,2007-10-18,2012-07-14,43780.00,1.50,1.50,16800,31990.000000000000
672244001,2025-01-05,1,1,null,0,0,2013-10-06,2024-05-31,132480.00,2.00,0.00,40000,91990.000000000000
689831309,2025-06-06,0,1,null,0,0,2024-10-29,2024-10-29,16900.00,0.50,0.50,5440,16900.000000000000
690743298,2024-08-26,0,0,1,0,0,2023-10-01,2024-06-11,36980.00,0.00,0.00,4250,19900.000000000000
689680863,2024-09-12,1,0,null,1,0,1998-12-22,2009-10-13,21790.00,2.00,0.00,8000,21790.000000000000
690608445,2023-04-19,0,2,null,0,0,2018-07-13,2022-11-22,134360.00,3.00,2.00,30560,91130.000000000000
690400912,2025-06-10,0,0,null,0,0,null,null,0.00,0.00,0.00,0,0E-12
665613233,2022-12-23,0,0,null,0,0,null,null,0.00,0.00,0.00,0,0E-12
665722473,2023-04-06,0,1,null,0,0,2022-04-29,2023-03-16,112340.00,2.00,1.00,22400,112340.000000000000
666317167,2022-04-24,0,0,null,0,0,null,null,0.00,0.00,0.00,0,0E-12
664675183,2023-02-22,0,0,null,1,0,null,null,0.00,1.00,0.00,0,1695.000000000000
683464727,2021-06-04,1,0,null,0,0,2016-09-02,2017-12-24,34320.00,1.00,0.00,8160,34320.000000000000
682781069,2020-08-15,0,0,null,0,0,null,null,0.00,0.00,0.00,0,0E-12
683807287,2025-08-02,1,0,null,1,0,2021-09-18,2023-05-15,26000.00,1.50,0.00,8000,26000.000000000000
683013673,2023-11-07,0,1,null,1,0,2016-02-21,2019-12-05,52210.00,2.00,0.50,5440,36400.000000000000
683775613,2023-09-10,0,1,null,0,0,2014-07-01,2022-01-27,53990.00,1.00,0.00,11200,53990.000000000000
674940575,2022-04-24,1,1,null,0,0,2013-12-28,2019-08-01,125998.00,3.00,0.50,30400,99573.000000000000
675133277,2021-12-20,0,1,null,0,0,2012-08-15,2020-07-04,30490.00,1.00,0.00,7680,30490.000000000000
675587253,2023-07-24,1,0,null,0,0,2009-09-18,2012-10-14,31990.00,1.00,0.50,8000,31990.000000000000
670743311,2022-02-05,1,0,null,0,0,2014-07-26,2021-09-06,27800.00,1.00,0.50,10880,27800.000000000000
677814713,2022-10-27,0,1,null,0,0,2022-05-15,2022-05-15,36990.00,1.00,1.00,16000,36990.000000000000
679323989,2024-06-08,1,1,null,1,1,2007-05-24,2023-08-25,54600.00,2.00,0.00,8000,41295.000000000000
677622081,2025-04-28,1,0,null,0,0,2020-02-25,2024-02-26,30550.00,0.50,0.00,8400,30550.000000000000
679340835,2025-12-06,1,1,null,0,0,2003-07-09,2022-10-08,29470.00,2.00,2.00,15520,17480.000000000000
680438649,2023-01-27,0,1,null,0,0,2013-07-23,2018-06-07,76012.00,1.00,1.00,2720,23260.000000000000
678935763,2024-04-27,1,1,null,0,0,2019-10-18,2023-11-11,74880.00,1.50,1.00,26560,55900.000000000000
691101196,2023-11-10,0,0,null,0,0,null,null,0.00,0.00,0.00,0,0E-12
690843215,2024-05-19,1,0,null,0,0,2013-05-03,2023-05-16,35750.00,0.50,0.00,11520,35750.000000000000
690988069,2024-11-04,2,0,null,0,0,2006-07-04,2010-08-25,57321.00,2.00,1.00,25600,43700.000000000000
689812845,2022-02-28,0,1,null,0,0,2017-10-28,2017-10-28,38390.00,1.00,1.00,9280,38390.000000000000
691429947,2024-09-25,1,2,null,0,0,2012-10-08,2024-09-24,232946.00,4.00,1.00,57120,155956.000000000000
689655118,2023-11-15,0,0,null,0,0,null,null,0.00,0.00,0.00,0,0E-12
667851095,2024-02-20,1,0,null,0,0,2022-07-27,2023-07-26,102920.00,2.00,1.50,18560,58960.000000000000
667830405,2021-11-15,0,0,null,1,0,null,null,0.00,1.00,0.00,0,1695.000000000000
665721631,2024-11-07,0,1,null,0,0,2014-05-21,2014-10-05,42068.00,1.00,0.50,11200,42068.000000000000
667017447,2022-11-28,1,0,null,0,0,2005-12-29,2009-05-21,62580.00,1.00,1.00,8000,41690.000000000000
664322411,2021-11-07,1,0,null,0,0,2005-02-28,2012-01-13,34637.00,1.00,0.00,11200,34637.000000000000
683019847,2023-11-06,2,1,null,1,0,2005-03-25,2022-05-25,283150.00,4.00,0.50,38880,75416.000000000000
683717918,2025-10-18,0,0,1,1,0,2022-04-03,2023-09-09,27430.00,1.00,0.00,4250,16758.000000000000
682767713,2021-11-29,1,0,null,0,0,2015-09-29,2018-08-16,47285.00,1.00,0.50,9600,47285.000000000000
674860775,2023-07-18,1,0,null,0,0,1999-03-03,2008-01-05,86360.00,1.00,0.00,11200,29190.000000000000
676038485,2024-09-20,1,2,null,0,0,2014-12-02,2022-09-25,250718.00,4.00,2.00,55680,117008.000000000000
676742749,2024-01-30,0,1,null,0,1,2001-06-21,2001-06-21,0.00,0.00,0.00,0,0E-12
676818087,2022-08-06,0,1,null,0,0,2019-04-21,2019-04-21,59990.00,1.00,1.00,13440,59990.000000000000
675380837,2024-12-04,1,0,null,0,0,2011-09-14,2011-09-14,11344.00,0.50,0.50,5440,11344.000000000000
672751175,2023-11-01,0,1,null,0,0,2022-12-08,2022-12-08,22750.00,0.50,0.50,8000,22750.000000000000
672618103,2023-12-08,0,1,null,0,0,2013-12-21,2013-12-21,11310.00,0.50,0.50,5600,11310.000000000000
672859569,2025-03-09,1,0,null,0,0,2009-04-17,2024-11-05,105422.00,2.00,0.00,46080,105422.000000000000
670560093,2022-12-16,1,0,null,0,0,2019-11-16,2020-02-06,53590.00,1.00,0.00,11520,53590.000000000000
680139449,2023-08-25,2,1,null,0,0,2013-01-10,2019-08-02,263970.00,3.00,3.00,54720,114990.000000000000
679914487,2023-01-14,1,0,null,0,0,2013-04-29,2019-07-20,40080.00,1.00,0.50,7680,40080.000000000000
680196151,2022-10-04,0,1,null,1,0,2018-02-22,2018-02-22,36000.00,1.50,0.50,11520,36000.000000000000
680144665,2022-05-13,2,0,null,0,0,2002-03-30,2017-01-07,45572.00,1.50,-0.50,19200,29082.000000000000
692212942,2024-12-06,0,0,null,0,0,null,null,0.00,0.00,0.00,0,0E-12
692004915,2022-07-28,1,0,null,0,0,2007-02-20,2015-02-27,24990.00,1.00,0.00,16000,24990.000000000000
664157801,2022-06-04,0,0,null,0,0,null,null,0.00,0.00,0.00,0,0E-12
666781077,2022-01-16,2,1,null,0,0,2001-09-27,2019-05-24,359570.00,7.00,2.00,78080,206125.000000000000
667300977,2022-12-27,1,0,null,0,0,2015-05-30,2019-05-30,41250.00,1.00,0.50,7440,41250.000000000000
666931631,2021-12-13,0,0,null,1,0,null,null,0.00,1.00,0.00,0,1695.000000000000
667388045,2023-01-24,0,0,null,1,0,null,null,0.00,1.00,0.00,0,1795.000000000000
681060983,2021-09-28,0,2,null,0,0,2013-10-27,2020-03-04,91516.00,2.00,1.00,22400,68026.000000000000
681613083,2023-05-31,1,1,null,0,0,2005-12-28,2022-04-15,156640.00,4.00,2.00,45200,115872.000000000000
683358175,2023-09-19,0,0,null,0,0,null,null,0.00,0.00,0.00,0,0E-12
682322451,2022-05-16,1,0,null,0,0,1999-02-12,2001-12-02,19450.00,1.00,0.00,11200,19450.000000000000
683056073,2023-07-11,0,1,null,0,0,2016-07-13,2018-03-27,24405.00,1.00,0.00,5440,24405.000000000000
682015725,2025-10-02,1,0,null,0,0,2023-09-07,2024-11-20,31200.00,0.50,-0.50,8400,31200.000000000000
682362807,2022-09-17,2,0,null,0,0,2017-02-03,2021-09-17,167935.00,4.00,0.50,38400,102285.000000000000
681129701,2025-05-11,1,0,null,0,0,2011-01-07,2017-03-12,62012.00,1.00,0.00,14880,62012.000000000000
670664825,2021-08-31,0,1,null,0,0,2015-03-28,2017-08-26,37640.00,0.50,0.50,8000,27070.000000000000
670552161,2024-08-01,0,1,null,0,0,2017-11-21,2017-11-21,15210.00,0.50,0.50,5440,15210.000000000000
673453541,2022-07-05,0,0,null,1,0,null,null,0.00,1.00,0.00,0,1795.000000000000
670667945,2021-03-11,0,0,null,0,0,null,null,0.00,0.00,0.00,0,0E-12
671218205,2016-10-03,0,1,null,0,0,2013-10-07,2013-10-07,11640.00,0.50,0.50,6560,11640.000000000000
671596815,2023-05-18,0,0,null,0,0,null,null,0.00,0.00,0.00,0,0E-12
672673217,2023-06-28,1,0,null,2,0,2005-05-12,2019-08-22,76640.00,3.00,-1.00,16000,76640.000000000000
670790887,2021-12-03,2,0,null,1,0,2010-11-16,2014-03-21,89240.00,3.00,2.00,22880,55990.000000000000
679577979,2024-03-16,0,2,null,0,0,2013-08-19,2017-05-11,22025.00,1.50,1.50,8160,14820.000000000000
679160957,2022-07-28,0,0,null,0,0,null,null,0.00,0.00,0.00,0,0E-12
677563255,2025-07-24,1,0,null,0,0,2016-11-27,2023-07-18,127666.00,1.00,0.00,23040,127666.000000000000
678468411,2017-09-29,0,0,null,0,0,null,null,0.00,0.00,0.00,0,0E-12
677979969,2021-12-19,0,1,null,0,0,2018-12-17,2019-11-17,28490.00,1.00,0.50,8000,28490.000000000000
690124253,2026-10-11,0,0,1,0,0,2023-09-03,2024-12-27,22980.00,0.00,0.00,2250,11900.000000000000
690146861,2021-05-18,0,1,null,0,0,2018-01-27,2018-01-27,24820.00,0.50,0.50,8160,24820.000000000000
690791147,2023-07-30,2,0,null,0,0,1996-03-17,2008-06-24,29890.00,2.00,2.00,13440,15990.000000000000
690014968,2025-04-06,1,0,null,0,0,2025-01-02,2025-01-02,20305.00,0.50,0.50,8000,20305.000000000000
665258307,2024-12-28,1,1,null,0,0,2008-07-27,2017-10-28,101801.00,3.00,0.00,30400,81337.000000000000
664179091,2021-12-18,1,0,null,1,0,2006-03-13,2020-03-03,95285.00,3.00,-1.00,22400,95285.000000000000
664143981,2022-04-25,1,0,null,0,0,2007-11-30,2017-08-18,98285.00,2.00,0.00,23040,98285.000000000000
666628513,2022-03-07,0,0,null,0,0,null,null,0.00,0.00,0.00,0,0E-12
680593563,2024-01-15,1,1,null,0,0,2022-01-12,2022-05-26,60295.00,1.50,1.50,16800,48990.000000000000
683724313,2023-05-31,2,1,null,0,0,2016-10-03,2023-02-06,117076.00,2.50,1.00,31360,58990.000000000000
674674047,2023-03-24,1,0,null,0,0,2004-10-01,2004-10-01,7800.00,0.50,0.50,8000,7800.000000000000
675532009,2021-07-16,1,0,null,1,0,2018-08-02,2019-01-21,43294.00,2.00,0.00,11200,43294.000000000000
676896477,2025-06-22,0,0,null,0,0,null,null,0.00,0.00,0.00,0,0E-12
677021629,2022-09-07,1,1,null,0,0,2015-11-17,2022-04-07,425046.00,2.50,0.50,46720,139652.000000000000
673367413,2023-05-10,1,2,null,1,0,2017-11-06,2022-01-29,260521.00,5.00,2.00,60800,106931.000000000000
673865791,2021-06-08,1,0,null,1,0,2017-04-03,2017-04-03,14300.00,1.50,0.50,5600,14300.000000000000
671934997,2024-07-12,1,0,null,0,0,2008-07-31,2008-07-31,13604.00,1.00,1.00,5600,13604.000000000000
679897621,2022-12-28,1,0,null,0,0,2017-07-02,2017-07-02,37750.00,1.00,1.00,8000,37750.000000000000
677329181,2022-03-23,0,0,null,0,0,null,null,0.00,0.00,0.00,0,0E-12
690630569,2022-02-02,0,0,null,0,0,null,null,0.00,0.00,0.00,0,0E-12
691268312,2025-05-27,0,0,null,1,0,null,null,0.00,1.00,0.00,0,1695.000000000000
691842549,2023-04-23,1,0,null,0,0,2011-05-15,2021-05-16,86320.61,1.00,0.00,16800,86320.600000000000
665904031,2023-07-21,2,2,null,0,0,2004-01-10,2023-05-04,665865.00,5.00,0.00,125120,204960.000000000000
665718073,2024-04-28,1,0,null,0,0,2002-12-07,2002-12-07,19850.00,1.00,1.00,11200,19850.000000000000
673508451,2021-06-02,0,0,null,1,0,null,null,0.00,1.00,0.00,0,1795.000000000000
671014743,2022-10-18,0,1,null,0,0,2019-02-22,2019-02-22,34990.00,0.50,0.50,11520,34990.000000000000
671233871,2022-07-04,0,0,null,0,0,null,null,0.00,0.00,0.00,0,0E-12
677750295,2024-03-21,1,0,null,0,0,2012-09-22,2012-09-22,18200.00,0.50,0.50,8000,18200.000000000000
680038845,2022-07-11,0,0,null,1,0,null,null,0.00,1.00,0.00,0,0E-12
677357709,2022-06-08,0,0,null,0,0,null,null,0.00,0.00,0.00,0,0E-12
690386270,2025-05-27,0,0,null,1,0,null,null,0.00,1.00,0.00,0,1695.000000000000
691318945,2022-08-13,0,1,null,0,0,2013-08-23,2020-02-01,69000.00,1.00,0.50,12096,69000.000000000000
665651543,2016-08-29,1,0,null,2,0,2009-07-27,2009-07-27,13653.00,2.50,0.50,8000,13653.000000000000
682616031,2022-07-10,1,0,null,0,0,2014-09-23,2014-09-23,25870.00,0.50,0.50,9920,25870.000000000000
682606405,2024-08-06,1,1,null,1,0,2015-03-22,2024-08-05,56055.00,2.50,-0.50,21504,56055.000000000000
681764519,2023-09-25,1,0,null,0,0,2023-01-22,2023-06-07,46480.00,1.00,0.00,11200,46480.000000000000
674990043,2021-05-12,1,0,null,0,0,2019-08-22,2019-08-22,24990.00,0.50,0.50,9920,24990.000000000000
674802799,2025-02-22,0,1,null,0,0,2014-09-06,2018-12-02,115537.00,1.00,0.00,20160,115537.000000000000
674441927,2007-08-15,0,0,null,1,0,null,null,0.00,1.00,0.00,0,1595.000000000000
673979641,2021-12-19,0,1,null,0,0,2013-10-16,2013-10-16,23110.00,1.00,1.00,6400,23110.000000000000
671358197,2024-05-16,2,0,null,0,0,2001-11-30,2008-04-03,70770.00,3.00,0.00,26560,46680.000000000000
673781749,2025-06-04,1,0,null,2,0,2001-07-03,2018-04-13,47238.00,3.00,0.00,9600,47238.000000000000
672735693,2023-07-27,0,0,null,1,0,null,null,0.00,1.00,0.00,0,1695.000000000000
671844123,2021-07-29,1,0,null,0,0,2013-08-20,2013-08-20,23600.00,0.50,0.50,9920,23600.000000000000
672430521,2024-04-30,1,0,null,0,0,2019-11-12,2019-11-12,17870.00,0.50,0.50,5440,17870.000000000000
678834413,2021-11-14,2,0,null,0,0,2010-11-21,2014-03-21,75120.00,2.00,1.50,22400,57740.000000000000
679642767,2022-07-15,0,0,null,1,0,null,null,0.00,1.00,0.00,0,1695.000000000000
692193195,2021-05-29,0,0,null,1,0,null,null,0.00,1.00,0.00,0,1795.000000000000
689785693,2025-06-18,1,0,null,1,1,2001-10-07,2009-09-11,19422.00,1.00,0.00,0,19422.000000000000
666166859,2022-07-31,0,0,null,0,0,null,null,0.00,0.00,0.00,0,0E-12
664747881,2023-05-25,0,0,null,0,0,null,null,0.00,0.00,0.00,0,0E-12
665385603,2022-02-27,2,1,null,0,0,1999-06-21,2013-05-28,50970.00,3.00,-1.00,24000,27980.000000000000
683628899,2023-08-18,1,0,null,0,0,2009-11-21,2009-11-21,11690.00,0.50,0.50,5440,11690.000000000000
676657631,2022-07-12,0,4,null,0,0,2012-10-11,2018-04-18,62420.00,4.00,4.00,28000,27920.000000000000
677208569,2023-03-10,0,1,null,1,0,2019-04-18,2019-04-18,14370.00,1.50,0.50,0,14370.000000000000
676400693,2025-12-24,0,1,null,0,0,2024-09-26,2024-09-26,8605.00,0.50,0.50,2560,8605.000000000000
672146791,2022-09-13,0,0,null,0,0,null,null,0.00,0.00,0.00,0,0E-12
671867019,2023-10-01,1,1,null,0,0,2006-07-02,2021-06-17,66350.00,2.00,1.00,33600,42860.000000000000
670910623,2022-05-02,0,1,null,0,0,2015-11-06,2020-06-09,48285.00,1.00,-1.00,11200,48285.000000000000
677743245,2024-04-03,1,0,null,0,0,2011-05-16,2011-05-16,12344.00,0.50,0.50,5440,12344.000000000000
678954967,2021-12-20,0,0,null,1,0,null,null,0.00,1.00,0.00,0,1695.000000000000
679625309,2022-09-01,0,1,null,0,0,2017-12-27,2017-12-27,14690.00,1.00,1.00,3520,14690.000000000000
691147170,2023-12-17,0,0,null,0,0,null,null,0.00,0.00,0.00,0,0E-12
690868679,2022-04-23,0,1,null,0,0,2017-07-11,2017-07-11,16870.00,0.50,0.50,8000,16870.000000000000
690413734,2023-09-12,0,0,null,0,0,null,null,0.00,0.00,0.00,0,0E-12
664678631,2022-06-24,1,0,null,0,0,2017-10-23,2021-12-17,61037.78,1.00,0.00,11520,61037.780000000000
667534253,2024-06-10,1,0,null,1,0,2005-05-31,2015-06-04,60095.00,2.00,1.00,8000,38295.000000000000
664912683,2007-09-18,0,0,null,0,0,null,null,0.00,0.00,0.00,0,0E-12
674134455,2022-02-15,0,0,null,0,0,null,null,0.00,0.00,0.00,0,0E-12
674080933,2022-11-12,1,0,null,1,0,2006-01-26,2019-09-12,30220.00,2.00,0.50,8000,30220.000000000000
677171345,2022-06-25,1,0,null,0,0,2008-11-01,2010-09-05,56490.00,1.00,0.50,14880,56490.000000000000
675401925,2025-05-31,3,1,null,0,0,2005-09-18,2022-08-21,174646.00,4.00,3.00,58240,69626.000000000000
675286509,2025-10-16,1,1,null,0,0,1995-05-21,2024-07-26,64245.00,2.00,1.50,18880,51345.000000000000
676416509,2023-12-07,0,2,null,0,0,2004-09-04,2021-12-03,107231.00,2.00,2.00,50560,71331.000000000000
676527873,2021-08-06,0,0,null,1,0,null,null,0.00,1.00,0.00,0,1695.000000000000
675976607,2023-12-19,1,0,null,0,0,2017-11-19,2017-11-19,38100.00,1.00,1.00,8000,38100.000000000000
672170189,2023-05-21,0,1,null,0,0,2013-12-14,2022-09-04,25350.00,0.50,0.00,8000,25350.000000000000
673361141,2021-07-09,0,0,null,1,0,null,null,0.00,1.00,0.00,0,1695.000000000000
672709237,2022-01-31,1,0,null,0,0,2012-01-18,2012-01-18,37610.00,0.50,0.50,14880,37610.000000000000
673194147,2023-10-18,1,0,null,0,0,2008-01-26,2015-01-23,67340.00,1.00,-0.50,33600,67340.000000000000
677979625,2021-11-15,0,0,null,0,0,null,null,0.00,0.00,0.00,0,0E-12
690330946,2024-01-30,0,0,null,1,0,null,null,0.00,1.00,0.00,0,1695.000000000000
667101579,2025-02-14,0,1,1,0,0,2020-11-13,2024-01-21,130260.00,2.00,0.00,27200,102280.000000000000
665908307,2023-09-17,1,1,null,1,0,2005-06-30,2023-09-05,271399.00,5.00,-1.00,58880,166060.000000000000
664914225,2024-09-04,2,0,null,1,0,2006-02-08,2024-05-01,81980.00,3.00,1.00,19200,62990.000000000000
667172651,2023-12-05,0,1,null,0,0,2020-01-18,2020-01-18,11700.00,0.50,0.50,3840,11700.000000000000
682891667,2021-05-05,0,1,null,0,0,2017-09-26,2017-09-26,28880.00,1.00,1.00,15360,28880.000000000000
673919757,2021-04-23,3,1,null,1,0,2004-08-26,2017-11-13,234720.00,9.00,6.00,77120,124815.000000000000
676056261,2023-02-11,1,0,null,1,0,2006-07-24,2022-04-05,116677.00,2.00,-1.00,23040,116677.000000000000
679750015,2025-05-24,4,0,null,0,0,1996-10-13,2024-03-16,142920.00,5.00,3.00,68480,110710.000000000000
679341083,2021-07-06,0,1,null,0,0,2003-03-10,2003-03-10,11490.00,0.50,0.50,15360,11490.000000000000
690597840,2023-10-14,0,0,null,0,0,null,null,0.00,0.00,0.00,0,0E-12
691539439,2023-09-28,2,0,null,0,0,2009-09-01,2022-08-22,56113.00,1.00,1.00,16640,28903.000000000000
667185195,2021-05-31,0,0,null,0,0,null,null,0.00,0.00,0.00,0,0E-12
666112299,2022-06-04,0,1,null,0,0,2013-07-14,2017-12-21,27936.00,1.00,0.00,6400,27936.000000000000
667563265,2022-04-14,0,1,null,0,0,2017-11-12,2017-11-12,10965.00,0.50,0.50,5600,10965.000000000000
664100339,2025-04-10,0,0,null,0,0,null,null,0.00,0.00,0.00,0,0E-12
666880963,2022-03-17,1,0,null,0,0,2003-08-08,2003-08-26,53500.00,0.50,0.50,6560,22500.000000000000
667140489,2022-08-24,0,1,null,0,0,2016-02-14,2016-02-14,22230.00,0.50,0.50,8160,22230.000000000000
680615479,2024-06-15,0,1,null,0,0,2019-06-27,2019-06-27,15105.00,0.50,0.50,8000,15105.000000000000
682737629,2024-04-06,1,0,null,0,0,2018-12-27,2023-04-07,54990.00,1.00,0.00,11200,54990.000000000000
683636267,2022-08-29,0,1,null,0,0,2013-09-28,2019-01-29,29140.00,1.00,1.00,4800,21770.000000000000
674407877,2022-11-22,2,1,null,0,1,2019-07-06,2026-02-05,54759.00,1.50,1.00,15840,30990.000000000000
677039705,2022-10-02,0,1,null,0,0,2015-10-08,2015-10-08,18295.00,1.00,1.00,5440,18295.000000000000
676139901,2021-10-19,1,0,null,0,0,2014-08-25,2019-08-20,58880.00,1.00,0.00,12000,58880.000000000000
675735515,2023-05-28,0,0,null,1,0,null,null,0.00,1.00,0.00,0,1695.000000000000
672470197,2024-10-12,1,0,null,0,0,2004-03-03,2004-03-03,15240.00,1.00,1.00,5440,15240.000000000000
671477989,2022-08-06,1,0,null,0,0,2012-01-17,2019-01-02,37950.00,0.50,0.00,11520,37950.000000000000
680187269,2021-08-11,0,1,null,0,0,2015-09-21,2015-09-21,20290.00,1.00,1.00,5440,20290.000000000000
691137697,2025-04-24,1,0,null,0,0,2003-10-04,2024-12-17,260497.00,2.00,-1.00,46080,226545.000000000000
666569669,2022-05-06,0,1,null,1,0,2021-06-18,2021-06-18,11305.00,1.50,0.50,6560,11305.000000000000
667410391,2024-12-11,0,1,null,0,0,2019-05-21,2019-05-21,18990.00,1.00,1.00,4800,18990.000000000000
666288259,2023-06-21,1,1,null,0,0,2017-06-03,2022-02-13,92702.00,2.00,-1.00,22400,46407.000000000000
666503249,2022-07-15,0,0,null,1,0,null,null,0.00,1.00,0.00,0,1795.000000000000
667048253,2022-03-12,0,0,null,0,0,null,null,0.00,0.00,0.00,0,0E-12
666572597,2022-12-06,2,0,null,1,0,2007-05-02,2019-06-26,87300.00,4.00,-1.00,57120,198302.000000000000
665484483,2025-12-01,0,1,null,0,0,2025-05-21,2025-05-21,42990.00,1.00,1.00,9280,42990.000000000000
680605495,2021-06-19,0,0,null,0,0,null,null,0.00,0.00,0.00,0,0E-12
681712605,2022-11-05,0,0,null,1,0,null,null,0.00,1.00,0.00,0,1695.000000000000
683213411,2022-05-09,0,1,null,0,0,2019-03-23,2019-06-25,129990.00,1.00,0.00,23040,129990.000000000000
681076243,2021-10-28,2,0,null,2,0,2006-09-08,2014-02-22,111456.00,4.00,1.00,29760,60246.000000000000
680934219,2022-01-29,0,0,null,1,0,null,null,0.00,1.00,0.00,0,1795.000000000000
676812795,2025-06-05,0,1,null,0,0,2023-07-28,2023-07-28,38350.00,0.50,0.50,11520,38350.000000000000
676521073,2022-12-19,0,1,null,0,0,2013-09-05,2021-10-16,40950.00,0.50,-0.50,12480,40950.000000000000
675614253,2022-09-26,1,0,null,0,0,2008-08-21,2021-07-09,41160.00,1.00,0.00,3520,21160.000000000000
675867631,2023-12-31,0,1,null,0,0,2014-03-19,2014-03-19,19835.00,1.00,1.00,8000,19835.000000000000
670891591,2023-07-06,1,0,null,0,0,2006-04-11,2017-07-26,45561.00,1.00,0.00,11520,45561.000000000000
672489183,2022-08-23,1,0,null,0,0,2007-08-13,2007-08-13,67410.00,1.00,1.00,23040,67410.000000000000
671032399,2021-11-14,1,0,null,0,0,2016-07-07,2016-07-07,25900.00,1.00,1.00,8000,25900.000000000000
692071282,2024-03-07,0,0,null,0,0,null,null,0.00,0.00,0.00,0,0E-12
690412399,2021-10-16,0,1,null,1,0,2016-09-29,2016-09-29,19560.00,2.00,1.00,6720,19560.000000000000
690663715,2023-07-27,0,1,null,0,0,2020-12-26,2021-08-27,42000.00,1.00,0.50,6912,42000.000000000000
691415566,2024-11-13,0,0,null,0,0,null,null,0.00,0.00,0.00,0,0E-12
667450147,2022-03-12,1,0,null,0,0,2020-01-14,2021-10-25,20195.00,0.50,-0.50,7680,20195.000000000000
667252205,2023-03-24,0,1,null,0,0,2022-08-21,2022-08-21,20990.00,1.00,1.00,3520,20990.000000000000
682897313,2021-08-27,1,0,null,0,1,2000-06-02,2018-08-18,28900.00,0.00,0.00,0,14450.000000000000
682952728,2023-04-04,0,0,null,0,0,null,null,0.00,0.00,0.00,0,2495.000000000000
676983813,2021-07-02,1,0,null,0,0,2015-12-15,2016-12-13,27940.00,1.00,0.50,15360,27940.000000000000
676735451,2021-12-05,2,0,null,0,2,2002-06-21,2016-04-05,0.00,0.00,0.00,0,0E-12
675314331,2024-06-30,0,1,null,2,0,2019-07-08,2019-07-08,29970.00,2.50,0.50,11520,29970.000000000000
676048359,2023-11-20,1,0,null,0,0,2021-05-14,2023-03-31,115990.00,1.00,0.00,23040,115990.000000000000
671744539,2020-08-23,0,0,null,0,0,null,null,0.00,0.00,0.00,0,0E-12
672482635,2022-12-29,4,0,null,1,4,1994-10-15,2001-02-18,0.00,1.00,0.00,0,1495.000000000000
671843957,2024-08-14,1,0,null,0,0,2007-09-17,2007-09-17,35900.00,1.00,1.00,11200,35900.000000000000
678735699,2024-03-12,0,1,null,1,0,2022-07-09,2022-07-09,13000.00,1.50,0.50,3520,13000.000000000000
679354165,2024-05-22,1,0,null,0,0,2021-01-16,2021-12-20,22990.00,1.00,0.50,5440,22990.000000000000
692028740,2024-09-19,0,0,null,0,0,null,null,0.00,0.00,0.00,0,0E-12
681469749,2023-12-23,1,0,null,0,0,2022-02-25,2022-02-25,19980.00,0.50,0.50,7680,19980.000000000000
676040511,2023-03-21,0,1,null,0,0,2015-04-23,2018-08-25,43030.00,1.00,0.50,6912,43030.000000000000
672743419,2022-02-20,1,0,null,0,0,2019-09-28,2019-09-28,15000.00,0.50,0.50,5440,15000.000000000000
671601677,2021-03-06,1,0,null,0,1,2016-06-25,2016-06-25,0.00,0.00,0.00,0,0E-12
679557705,2023-02-04,1,2,null,1,0,2014-09-06,2022-08-29,107880.00,3.50,1.50,27200,58990.000000000000
679152243,2023-07-21,0,1,null,0,0,2022-07-04,2023-07-01,75320.00,1.00,0.00,15360,75320.000000000000
679403043,2022-09-27,0,0,null,0,0,null,null,0.00,0.00,0.00,0,0E-12
690570562,2024-12-04,0,0,1,0,0,2023-09-22,2023-09-22,15400.00,0.00,0.00,3250,15400.000000000000
690471275,2025-02-28,1,0,null,0,0,2012-03-27,2022-05-02,52070.00,1.00,0.50,11200,52070.000000000000
664934385,2022-10-03,2,3,null,0,0,2011-12-29,2020-12-23,150982.00,5.00,5.00,66400,54590.000000000000
664655329,2021-03-28,0,0,null,1,0,null,null,0.00,1.00,0.00,0,1695.000000000000
682944425,2021-08-25,0,0,null,1,0,null,null,0.00,1.00,0.00,0,1695.000000000000
674583673,2021-10-24,1,0,null,0,0,2012-03-25,2013-03-24,31820.00,0.50,0.00,11520,31820.000000000000
675540269,2024-02-20,1,0,null,0,0,1994-04-28,1994-04-28,12600.00,1.00,1.00,7680,12600.000000000000
676827557,2025-08-15,1,0,null,1,0,2022-10-01,2022-10-01,15600.00,1.50,0.50,5440,15600.000000000000
672990967,2022-03-13,3,1,null,0,0,2002-09-05,2010-12-10,88560.00,4.00,4.00,38720,37490.000000000000
673389355,2021-03-22,1,0,null,0,0,2006-10-29,2006-10-29,12990.00,0.50,0.50,8000,12990.000000000000
679705091,2021-12-15,1,0,null,1,0,2011-02-26,2019-08-04,73735.00,2.00,0.00,14880,73735.000000000000
678573671,2024-08-15,1,0,null,0,0,2013-11-23,2020-03-26,89562.00,1.00,0.00,15360,89562.000000000000
689993000,2024-06-27,0,0,null,0,0,null,null,0.00,0.00,0.00,0,0E-12
665575251,2022-09-16,1,0,null,0,0,2012-09-13,2018-02-15,58271.00,1.00,0.00,14880,58271.000000000000
664532757,2023-02-03,0,0,null,0,0,null,null,0.00,0.00,0.00,0,0E-12
681969704,2022-04-14,0,0,1,0,0,2021-08-08,2021-08-08,8289.00,0.00,0.00,2500,9657.000000000000
681649259,2021-06-25,0,0,null,4,0,null,null,0.00,4.00,0.00,0,0E-12
682761769,2023-04-06,3,3,null,0,0,2015-04-24,2022-10-16,465704.00,7.00,5.00,122880,162873.000000000000
676709661,2023-05-20,0,2,null,1,0,2015-12-31,2022-05-11,40610.00,3.00,1.00,17280,38610.000000000000
676523889,2022-11-18,0,0,null,0,0,null,null,0.00,0.00,0.00,0,0E-12
676391783,2023-11-05,0,1,null,1,0,2016-02-27,2016-02-27,18730.00,2.00,1.00,5440,18730.000000000000
676409553,2008-05-05,0,0,null,0,0,null,null,0.00,0.00,0.00,0,0E-12
671238603,2022-11-10,0,0,null,1,0,null,null,0.00,1.00,0.00,0,1695.000000000000
670952005,2025-08-15,1,0,null,0,0,2006-10-01,2019-06-15,98280.00,1.00,0.00,22400,98280.000000000000
677515153,2024-10-26,1,0,null,0,0,2003-07-13,2016-11-23,63245.00,1.00,0.00,13440,63245.000000000000
679977521,2024-03-16,1,0,null,0,0,2012-03-23,2023-10-03,56550.00,0.50,-0.50,14880,56550.000000000000
677740119,2021-10-28,0,0,null,1,0,null,null,0.00,1.00,0.00,0,1695.000000000000
677512393,2024-01-12,1,0,null,0,0,2016-03-30,2019-02-13,38933.00,1.00,0.50,12000,38933.000000000000
692089358,2024-03-10,0,0,null,0,0,null,null,0.00,0.00,0.00,0,0E-12
691643325,2016-01-26,0,0,null,1,0,null,null,0.00,1.00,0.00,0,1795.000000000000
691086861,2024-08-06,1,1,null,0,0,2001-04-06,2023-07-31,55840.00,2.00,0.00,19200,35990.000000000000
689700075,2022-03-11,1,0,null,0,0,2011-07-27,2011-07-27,30870.00,0.50,0.50,11520,30870.000000000000
665904923,2025-02-03,1,2,null,0,0,2015-02-03,2018-02-13,142907.00,3.00,3.00,56960,57357.000000000000
667299971,2021-07-18,0,0,null,0,0,2019-05-01,2019-05-01,37040.00,0.00,0.00,0,18520.000000000000
666948193,2022-05-29,0,0,null,0,0,null,null,0.00,0.00,0.00,0,0E-12
666539801,2021-09-06,0,1,null,0,0,2017-04-01,2018-06-24,30143.00,1.00,0.50,7680,30143.000000000000
675534583,2022-05-07,1,0,null,0,0,2021-11-06,2021-11-06,15600.00,0.50,0.50,5440,15600.000000000000
677240013,2018-09-10,0,0,null,1,0,null,null,0.00,1.00,0.00,0,1795.000000000000
675966179,2016-12-22,0,0,null,0,0,null,null,0.00,0.00,0.00,0,0E-12
672014581,2022-03-08,1,0,null,1,0,2008-07-04,2018-10-09,58295.00,2.00,-1.00,14880,58295.000000000000
671165043,2021-10-21,0,0,null,0,0,null,null,0.00,0.00,0.00,0,0E-12
672998555,2022-04-11,0,1,null,0,0,2016-01-29,2016-01-29,16800.00,0.50,0.50,7680,16800.000000000000
671105983,2023-12-06,1,0,null,0,0,2015-06-10,2015-11-19,36170.00,1.00,0.50,9920,36170.000000000000
672368495,2021-08-19,1,0,null,1,0,2014-04-05,2015-12-31,71130.00,2.00,0.00,12800,71130.000000000000
678516605,2022-03-19,1,0,null,0,0,2016-03-13,2016-03-13,16840.00,0.50,0.50,8000,16840.000000000000
677772349,2022-04-28,1,0,null,0,0,2007-09-10,2009-03-17,33490.00,1.00,0.00,11200,33490.000000000000
679720799,2023-09-18,1,1,null,0,0,2007-08-17,2023-09-17,47427.00,1.50,1.50,16800,31990.000000000000
692206680,2024-03-23,0,0,null,0,0,null,null,0.00,0.00,0.00,0,0E-12
689650707,2022-04-07,2,0,null,1,2,2006-07-31,2024-12-02,0.00,1.00,0.00,0,1695.000000000000
690407224,2023-12-20,0,0,null,0,0,null,null,0.00,0.00,0.00,0,0E-12
664559115,2025-07-05,0,1,null,0,0,2016-05-07,2017-02-11,39956.00,1.00,0.00,11200,39956.000000000000
682053632,2021-09-03,0,0,null,0,0,null,null,0.00,0.00,0.00,0,0E-12
682324111,2023-03-30,2,0,null,1,0,2001-03-25,2005-10-12,44940.00,3.00,2.00,22400,25990.000000000000
682535565,2024-07-04,1,0,null,0,0,2018-11-29,2022-09-16,29295.00,1.00,-1.00,9280,29295.000000000000
675107291,2021-11-13,1,0,null,0,0,2018-08-14,2021-07-04,97339.00,1.00,0.00,23040,97339.000000000000
674468183,2022-11-28,1,0,null,0,1,2008-06-22,2008-06-22,0.00,0.00,0.00,0,0E-12
675542621,2024-02-18,1,0,null,0,0,2021-10-24,2021-10-24,17980.00,0.50,0.50,8000,17980.000000000000
673024025,2023-02-25,0,0,null,1,0,null,null,0.00,1.00,0.00,0,1695.000000000000
670663207,2025-07-18,1,0,null,0,0,2019-04-13,2023-07-13,125912.77,1.00,0.00,13440,63289.000000000000
671955259,2022-12-01,1,0,null,0,0,2018-09-08,2018-09-08,23510.00,0.50,0.50,8160,23510.000000000000
673535507,2021-12-10,2,1,null,0,2,2007-08-10,2016-05-24,32457.00,0.50,0.00,11520,32457.000000000000
680347127,2022-05-22,0,0,null,1,0,null,null,0.00,1.00,0.00,0,1695.000000000000
680298373,2025-01-25,0,1,null,0,0,2016-10-22,2016-10-22,37810.00,1.00,1.00,8160,37810.000000000000
691278049,2022-10-21,2,1,null,1,0,2006-07-12,2017-05-08,62720.00,4.00,3.00,22560,27250.000000000000
691696049,2021-03-06,0,1,null,0,0,2019-01-10,2019-01-10,20125.00,1.00,1.00,5600,20125.000000000000
691484842,2024-10-17,0,0,1,0,0,2024-07-02,2024-07-02,9900.00,0.00,0.00,2750,9900.000000000000
665635113,2022-07-11,0,1,null,1,0,2013-11-07,2016-06-28,101894.00,3.00,1.00,26880,101894.000000000000
667568997,2024-02-24,0,1,null,0,0,2019-01-25,2023-08-04,168601.00,2.00,0.00,28320,168601.000000000000
667578223,2023-02-19,1,0,null,0,0,2022-04-30,2022-04-30,16480.00,0.50,0.50,6720,16480.000000000000
665646255,2021-06-27,1,0,null,0,1,2015-02-10,2015-02-10,0.00,0.00,0.00,0,0E-12
664537431,2023-02-10,0,0,null,0,0,null,null,0.00,0.00,0.00,0,0E-12
667106593,2019-11-07,0,1,null,0,0,2017-10-21,2017-10-21,28880.00,1.00,1.00,7680,28880.000000000000
680743993,2024-06-25,0,0,null,1,0,null,null,0.00,1.00,0.00,0,1695.000000000000
683828441,2025-05-05,1,0,null,1,0,2008-04-07,2010-03-11,25990.00,2.00,0.00,9280,25990.000000000000
681561975,2021-05-14,0,2,null,0,0,2017-08-26,2019-01-27,114130.00,2.00,1.00,37760,68640.000000000000
676631207,2022-01-31,0,1,null,0,0,2018-09-01,2018-09-01,31560.00,0.50,0.50,11520,31560.000000000000
679549951,2021-10-04,0,0,null,0,0,null,null,0.00,0.00,0.00,0,0E-12
678759197,2003-03-01,1,0,null,0,0,2002-01-14,2002-01-14,11890.00,1.00,1.00,5600,11890.000000000000
678544027,2023-04-27,0,0,null,1,0,null,null,0.00,1.00,0.00,0,1695.000000000000
680301453,2022-07-08,0,0,null,0,0,null,null,0.00,0.00,0.00,0,0E-12
680556441,2019-07-28,0,0,null,0,0,null,null,0.00,0.00,0.00,0,0E-12
690961411,2021-06-03,0,1,null,0,0,2018-06-08,2019-06-02,59825.00,1.00,0.50,13440,59825.000000000000
664253259,2023-07-06,0,1,null,0,0,2014-02-01,2020-12-07,69750.00,1.00,0.50,12096,69750.000000000000
666268473,2024-03-28,0,0,null,1,0,null,null,0.00,1.00,0.00,0,1695.000000000000
674602921,2025-07-05,1,1,null,0,0,2016-10-14,2022-03-20,58517.00,1.50,0.50,15920,38140.000000000000
670997617,2016-03-15,1,0,null,0,0,2014-02-17,2014-02-17,12650.00,0.50,0.50,5440,12650.000000000000
673078355,2021-12-17,2,0,null,0,1,2002-02-09,2009-07-05,16990.00,1.00,1.00,5440,16990.000000000000
677721319,2023-05-16,1,0,null,0,0,2013-02-15,2014-12-18,34260.00,0.50,0.00,13440,34260.000000000000
678674489,2024-02-23,1,0,null,0,0,2022-02-23,2022-02-23,36922.00,1.00,1.00,9920,36922.000000000000
678736247,2022-07-25,0,0,null,0,0,null,null,0.00,0.00,0.00,0,0E-12
691392611,2023-02-23,1,0,null,0,0,2013-12-30,2018-12-15,61168.00,0.50,0.00,20160,61168.000000000000
691408352,2023-12-28,0,0,null,0,0,null,null,0.00,0.00,0.00,0,0E-12
667342291,2024-11-30,0,2,null,0,0,2015-04-20,2019-04-01,94175.00,2.00,1.00,23360,54185.000000000000
666181303,2021-07-02,1,0,null,0,0,2020-01-27,2020-01-27,14300.00,0.50,0.50,5600,14300.000000000000
664890143,2021-12-29,0,0,null,0,0,null,null,0.00,0.00,0.00,0,0E-12
665808203,2023-04-08,0,1,null,0,0,2015-01-22,2015-01-22,40327.00,1.00,1.00,11520,40327.000000000000
674230321,2021-12-15,1,1,null,0,0,2016-06-29,2021-07-08,188366.00,3.00,0.00,40000,170876.000000000000
675218023,2023-07-26,0,2,null,0,0,2019-08-30,2021-03-29,66690.00,1.50,1.50,15840,41990.000000000000
672998135,2022-10-04,0,1,null,0,0,2013-04-05,2021-12-29,73915.00,1.00,-1.00,14720,73915.000000000000
678017257,2019-08-04,0,1,null,0,0,2018-07-26,2018-07-26,28110.00,1.00,1.00,8000,28110.000000000000
678464643,2023-01-09,1,0,null,0,0,1999-02-19,2016-06-23,29200.00,1.00,0.00,8000,22200.000000000000
677874687,2023-04-05,1,0,null,1,0,2014-02-20,2015-08-17,40805.00,2.00,0.00,8000,40805.000000000000
666206561,2022-04-29,0,0,null,0,0,null,null,0.00,0.00,0.00,0,0E-12
667348893,2022-04-24,1,0,null,0,0,2016-03-26,2016-03-26,22000.00,0.50,0.50,9920,22000.000000000000
680998242,2021-09-07,0,0,1,0,0,2021-05-18,2021-05-18,17135.00,0.00,0.00,3750,17891.000000000000
677756341,2024-02-18,0,1,null,0,0,2013-10-12,2016-05-23,26290.00,0.50,-0.50,11200,26290.000000000000
678327335,2024-10-22,0,1,null,1,0,2022-06-26,2022-06-26,13650.00,1.50,0.50,5600,13650.000000000000
678882853,2024-08-22,1,0,null,0,0,2011-03-19,2018-11-22,37950.00,0.50,0.00,13440,37950.000000000000
690430881,2023-10-24,0,1,null,0,0,2022-02-01,2022-02-01,12350.00,0.50,0.50,3520,12350.000000000000
690962579,2024-05-12,1,0,null,0,0,2018-09-21,2018-09-21,14450.00,0.50,0.50,5440,14450.000000000000
664368545,2023-10-29,0,4,null,0,0,2016-05-22,2022-11-11,412744.78,4.50,2.50,86880,263365.000000000000
682051838,2022-01-12,0,0,null,0,0,null,null,0.00,0.00,0.00,0,2495.000000000000
682582021,2017-01-31,0,0,null,0,0,null,null,0.00,0.00,0.00,0,0E-12
674940315,2023-03-20,0,1,null,0,0,2014-03-14,2016-01-20,28328.00,1.00,0.00,7680,28328.000000000000
678423923,2022-05-28,1,0,null,0,0,2014-06-22,2014-11-22,26355.00,1.00,0.50,7680,26355.000000000000
691178086,2024-03-14,0,0,null,0,0,null,null,0.00,0.00,0.00,0,0E-12
689854941,2024-03-22,0,0,null,1,0,null,null,0.00,1.00,0.00,0,1695.000000000000
691330064,2025-03-01,1,0,null,0,0,2024-12-29,2024-12-29,21450.00,0.50,0.50,6000,21450.000000000000
664734631,2023-12-31,3,0,null,0,3,2017-02-19,2017-11-03,0.00,0.00,0.00,0,0E-12
682531455,2022-03-22,1,0,null,0,0,2007-09-02,2008-04-11,46980.00,2.00,1.00,15360,46980.000000000000
676560737,2022-08-01,1,0,null,0,0,2011-06-24,2019-10-15,100206.00,1.00,-1.00,23040,100206.000000000000
676168829,2022-05-10,2,0,null,0,0,2011-12-16,2019-03-03,201093.00,2.00,-1.00,36960,105888.000000000000
671486217,2023-06-25,0,1,null,0,0,2019-04-21,2019-04-21,15920.00,0.50,0.50,5440,15920.000000000000
673757409,2014-04-06,0,0,null,0,0,null,null,0.00,0.00,0.00,0,0E-12
678054639,2022-03-14,0,2,null,1,0,2013-05-10,2017-09-27,49586.00,2.50,0.50,18720,30776.000000000000
677909519,2021-07-16,1,0,null,0,0,2018-05-07,2018-05-07,27490.00,1.00,1.00,8000,27490.000000000000
679858487,2021-10-03,0,1,null,0,0,2010-11-03,2010-11-03,11390.00,0.50,0.50,5600,11390.000000000000
689613735,2022-09-15,1,0,null,0,0,2019-10-01,2022-01-19,76980.00,1.00,0.00,14880,76980.000000000000
691855824,2025-02-17,1,0,null,0,0,2024-02-13,2024-02-13,16900.00,0.50,0.50,5440,16900.000000000000
666208101,2021-03-14,0,1,null,0,0,2018-09-09,2018-09-09,31560.00,0.50,0.50,11520,31560.000000000000
665715471,2023-10-17,1,0,null,1,0,2012-10-07,2012-10-07,11305.00,1.50,0.50,5440,11305.000000000000
682055452,2022-08-01,0,0,1,0,0,2021-09-04,2021-09-04,40650.00,0.00,0.00,15000,40650.000000000000
681189897,2023-06-20,0,1,null,0,0,2022-06-14,2022-06-14,13000.00,0.50,0.50,3520,13000.000000000000
683105821,2023-08-18,1,0,null,0,0,2014-08-23,2018-03-31,42523.00,1.00,0.50,6720,42523.000000000000
674991639,2022-12-20,1,0,null,2,0,2008-06-20,2008-06-20,20740.50,2.50,0.50,13440,20740.500000000000
676293767,2023-07-21,0,0,null,0,0,null,null,0.00,0.00,0.00,0,0E-12
671183867,2025-04-27,0,0,null,0,0,2008-09-19,2008-09-19,19990.00,0.00,0.00,0,19990.000000000000
672306779,2023-02-07,1,0,null,0,0,2019-02-11,2019-02-11,39990.00,1.00,1.00,11200,39990.000000000000
679768097,2021-08-29,1,0,null,0,0,2010-04-24,2010-04-24,40990.00,1.00,1.00,11520,40990.000000000000
678375709,2024-12-23,2,0,null,0,1,2001-12-02,2023-04-06,51173.00,1.00,0.50,11520,51173.000000000000
680494209,2025-03-03,0,2,null,1,0,2012-02-16,2024-03-11,235777.00,5.00,0.00,51520,184827.000000000000
690993255,2025-05-23,1,0,null,0,0,2016-12-15,2016-12-15,21500.00,0.50,0.50,9920,21500.000000000000
690304163,2023-09-12,1,0,null,1,0,2002-04-07,2018-03-25,79300.00,2.00,0.00,8400,33320.000000000000
691942293,2022-02-11,0,0,null,1,0,null,null,0.00,1.00,0.00,0,1795.000000000000
690316253,2025-06-23,1,0,null,0,0,2008-04-28,2009-07-29,33490.00,1.00,0.00,11200,33490.000000000000
665337909,2022-09-30,0,0,null,0,0,null,null,0.00,0.00,0.00,0,0E-12
664884531,2024-10-13,1,0,null,0,0,2002-07-18,2009-03-28,69980.00,2.00,0.00,22400,69980.000000000000
681208511,2024-04-18,1,0,null,0,0,2011-01-04,2023-02-20,40639.83,0.50,0.00,16800,40639.820000000000
682567265,2023-09-06,1,0,null,0,0,2013-04-26,2015-12-17,49970.00,0.50,0.00,16800,49970.000000000000
674107527,2025-02-10,0,0,null,0,0,null,null,0.00,0.00,0.00,0,0E-12
676505681,2022-10-09,1,0,null,0,0,2016-11-08,2019-10-27,39600.00,0.50,0.00,13440,39600.000000000000
672101093,2023-06-25,0,1,null,0,0,2012-10-03,2018-10-26,31200.00,0.50,-0.50,11200,31200.000000000000
670644531,2024-01-25,0,0,null,0,0,null,null,0.00,0.00,0.00,0,0E-12
677740501,2022-07-08,1,0,null,0,0,2006-07-24,2009-03-05,46125.00,0.50,-0.50,23040,46125.000000000000
680227769,2024-09-25,2,0,null,0,0,2003-01-25,2023-08-21,77292.00,2.00,1.00,24640,54302.000000000000
677914239,2017-04-22,0,0,null,0,0,null,null,0.00,0.00,0.00,0,0E-12
692192745,2022-08-16,1,0,null,0,0,2020-02-29,2020-02-29,24700.00,0.50,0.50,8160,24700.000000000000
691286573,2021-07-28,0,0,null,1,0,null,null,0.00,1.00,0.00,0,1795.000000000000
690075227,2023-03-10,1,1,null,0,0,2013-02-20,2020-12-27,115465.00,3.00,2.00,30400,84455.000000000000
666004605,2023-06-02,1,0,null,1,0,2007-03-29,2009-10-04,62670.00,4.00,2.00,24000,62670.000000000000
664546327,2025-02-03,1,0,null,0,0,2022-05-04,2022-05-04,16900.00,0.50,0.50,5440,16900.000000000000
680944351,2024-07-13,0,1,null,0,0,2016-07-31,2016-07-31,14110.00,0.50,0.50,5600,14110.000000000000
683071459,2023-08-22,1,0,null,0,0,2006-02-04,2007-02-18,74000.00,1.00,0.00,32000,74000.000000000000
674619903,2024-06-08,0,1,null,0,0,2013-12-29,2018-08-03,85752.00,0.50,0.00,26880,85752.000000000000
676752823,2025-01-25,1,0,null,0,0,2024-04-18,2024-07-15,41990.00,1.00,0.00,8000,41990.000000000000
676181037,2024-07-24,1,0,null,0,0,2010-09-09,2015-02-27,62880.00,2.00,1.00,27840,62880.000000000000
673719463,2021-10-14,1,0,null,0,0,2019-04-20,2019-04-20,15430.00,0.50,0.50,5440,15430.000000000000
677877825,2006-03-11,0,0,null,1,0,null,null,0.00,1.00,0.00,0,1495.000000000000
679565257,2021-06-07,0,0,null,0,0,null,null,0.00,0.00,0.00,0,0E-12
679646295,2025-05-20,2,0,null,0,0,2000-03-10,2001-04-10,45980.00,2.00,2.00,26880,23990.000000000000
691737175,2017-11-11,1,0,null,0,0,2016-05-16,2016-05-16,16340.00,0.50,0.50,8000,16340.000000000000
665255527,2025-04-24,2,0,null,0,0,2006-10-25,2025-01-10,39414.20,2.00,0.00,19840,54490.000000000000
664845329,2022-06-29,1,0,null,0,0,2020-08-30,2021-01-29,110980.00,1.00,-1.00,23040,110980.000000000000
680876453,2024-08-29,1,0,null,0,0,2011-02-10,2022-10-08,41790.00,1.00,0.00,8400,41790.000000000000
681609109,2024-02-16,0,1,null,0,0,2017-06-24,2020-01-02,67965.00,1.00,0.00,12096,67965.000000000000
681972809,2021-10-25,0,0,null,0,0,null,null,0.00,0.00,0.00,0,0E-12
676389823,2025-03-09,1,0,null,0,0,2016-01-19,2023-03-07,29990.00,1.00,0.50,7680,29990.000000000000
676666111,2024-02-01,1,0,null,0,0,2022-12-21,2022-12-21,29980.00,1.00,1.00,8160,29980.000000000000
677029587,2023-02-18,0,1,null,0,0,2018-10-12,2022-05-20,34990.00,1.00,0.50,9280,34990.000000000000
675678605,2025-04-22,1,0,null,0,0,2019-04-02,2019-04-02,19170.00,0.50,0.50,8000,19170.000000000000
673708459,2026-03-22,1,0,null,1,0,2015-05-25,2015-09-18,27440.00,2.00,0.00,8000,27440.000000000000
673797751,2021-10-21,1,0,null,0,0,2009-04-25,2009-04-25,34990.00,1.00,1.00,11200,34990.000000000000
672180925,2025-03-11,1,1,null,0,0,1997-06-12,2024-06-10,183514.00,4.00,2.00,73600,156554.000000000000
671818881,2010-07-01,1,0,null,0,0,2004-11-20,2004-11-20,26440.00,1.00,1.00,11200,26440.000000000000
679274731,2025-01-10,0,1,null,0,0,2014-10-24,2023-06-15,95181.00,1.00,0.00,11200,56831.000000000000
691735473,2020-08-03,0,0,null,0,0,null,null,0.00,0.00,0.00,0,0E-12
691064161,2023-10-10,0,0,null,0,0,null,null,0.00,0.00,0.00,0,0E-12
666839549,2021-05-19,0,0,null,1,0,null,null,0.00,1.00,0.00,0,1795.000000000000
667679323,2021-12-02,1,0,null,0,1,2004-07-23,2004-07-23,0.00,0.00,0.00,0,0E-12
664993333,2024-04-27,0,0,null,0,0,null,null,0.00,0.00,0.00,0,0E-12
664279003,2025-07-11,0,1,null,0,0,2023-07-16,2023-07-16,8840.00,0.50,0.00,9280,20800.000000000000
682144257,2025-06-28,2,0,1,0,0,2007-12-08,2025-06-19,89480.00,2.00,0.00,30000,79980.000000000000
683106859,2025-12-10,0,2,1,0,0,2017-10-22,2025-10-15,184920.00,2.00,0.50,31780,82990.000000000000
683777141,2021-04-17,0,1,null,0,0,2014-10-31,2020-01-19,21450.00,0.50,-0.50,8000,21450.000000000000
681043021,2024-11-07,1,0,null,2,0,2024-03-31,2024-03-31,19500.00,2.50,0.50,5440,19500.000000000000
676466703,2023-05-22,0,0,null,1,0,null,null,0.00,1.00,0.00,0,1695.000000000000
670560079,2021-11-10,0,0,null,1,0,null,null,0.00,1.00,0.00,0,1695.000000000000
672816311,2022-04-30,1,0,null,0,0,2008-01-05,2015-10-24,110402.00,1.00,-1.00,23040,110402.000000000000
678618977,2025-04-08,1,0,null,0,0,2005-07-21,2019-12-31,168253.00,2.00,0.00,44800,168253.000000000000
690377740,2024-08-09,0,0,1,0,0,2023-09-08,2023-09-08,21480.00,0.00,0.00,5500,21480.000000000000
691534322,2024-09-16,0,0,null,0,0,null,null,0.00,0.00,0.00,0,0E-12
690493017,2022-03-31,0,0,null,1,0,null,null,0.00,1.00,0.00,0,1695.000000000000
666638913,2022-08-19,0,0,null,1,0,null,null,0.00,1.00,0.00,0,1695.000000000000
665280303,2019-08-27,0,1,null,0,0,2013-09-10,2018-08-29,53252.00,2.00,1.00,12000,53252.000000000000
681135983,2021-06-04,1,0,null,0,0,2018-06-29,2019-11-09,36490.00,1.00,0.50,8000,36490.000000000000
682703779,2022-10-04,0,1,null,0,0,2021-10-12,2021-10-12,18990.00,1.00,1.00,4000,18990.000000000000
681875670,2023-11-27,0,0,1,0,0,2022-08-23,2023-03-07,51080.00,0.00,0.00,2750,22100.000000000000
673821075,2022-03-14,0,1,null,0,0,2014-03-07,2018-01-13,85067.00,2.00,1.00,22400,85067.000000000000
673098787,2021-09-26,0,1,null,0,0,2019-05-27,2020-09-27,40000.00,1.00,0.00,13440,62990.000000000000
679052287,2022-10-31,0,1,null,0,0,2018-10-24,2021-10-28,47990.00,1.00,0.00,11200,47990.000000000000
680551167,2023-10-10,1,0,null,0,0,2002-12-04,2002-12-04,8450.00,0.50,0.50,6560,8450.000000000000
691415041,2021-08-29,2,1,null,0,0,2018-03-19,2021-08-28,46910.00,1.50,1.00,27200,31200.000000000000
691579137,2016-01-08,0,1,null,0,0,2014-06-27,2014-06-27,28990.00,1.00,1.00,9280,28990.000000000000
665704997,2023-01-16,0,0,null,1,0,null,null,0.00,1.00,0.00,0,1695.000000000000
681188899,2025-04-25,0,1,null,0,0,2018-03-19,2019-04-14,44953.00,1.00,0.50,11200,44953.000000000000
683003359,2021-03-28,0,2,null,0,0,2013-11-29,2016-09-05,77802.00,3.00,3.00,23040,59397.000000000000
682552526,2021-11-05,0,0,null,0,0,null,null,0.00,0.00,0.00,0,0E-12
681735607,2024-06-23,1,0,null,0,0,2022-11-09,2022-11-09,15980.00,0.50,0.50,6720,15980.000000000000
683512149,2021-09-29,0,0,null,0,0,null,null,0.00,0.00,0.00,0,0E-12
682269039,2022-11-11,0,1,null,0,0,2021-12-24,2022-06-09,15600.00,0.50,0.00,5440,15600.000000000000
676419553,2019-05-20,1,0,null,0,0,2016-11-23,2016-11-23,21600.00,0.50,0.50,9280,21600.000000000000
675993701,2021-03-07,0,1,null,0,0,2016-10-28,2016-10-28,31780.00,1.00,1.00,7680,31780.000000000000
673455441,2021-10-05,1,0,null,0,0,2017-11-15,2018-11-10,32537.00,1.00,0.50,8000,32537.000000000000
673396033,2024-05-23,0,0,null,1,0,null,null,0.00,1.00,0.00,0,1695.000000000000
679448765,2025-01-06,3,1,null,0,0,2006-11-11,2023-05-22,233657.00,5.00,0.50,46400,87940.000000000000
677868057,2023-02-27,0,0,null,1,0,null,null,0.00,1.00,0.00,0,1695.000000000000
690476955,2025-08-28,0,1,1,0,0,2013-04-20,2025-06-23,145390.00,2.00,0.00,32800,128490.000000000000
690747713,2022-05-31,0,2,null,1,1,2016-03-31,2016-08-15,34790.00,2.00,1.00,8800,34790.000000000000
691603974,2024-01-14,0,0,null,0,0,null,null,0.00,0.00,0.00,0,0E-12
664969007,2021-07-07,0,1,null,1,0,2019-12-02,2019-12-02,28490.00,2.00,1.00,8000,28490.000000000000
667813593,2025-01-05,0,0,null,0,0,2013-06-23,2013-06-23,23600.00,0.00,0.00,0,23600.000000000000
666213913,2024-01-05,0,1,null,1,0,2019-07-03,2019-07-03,48490.00,2.00,1.00,11200,48490.000000000000
666456879,2022-09-12,1,0,null,0,0,2014-03-17,2019-08-19,22270.00,0.50,0.00,9280,22270.000000000000
681665746,2022-12-15,0,0,1,1,0,2021-07-21,2021-07-21,15322.00,1.00,0.00,3750,16341.000000000000
672157887,2021-05-17,0,1,null,0,0,2020-01-28,2020-01-28,15920.00,0.50,0.50,5440,15920.000000000000
680220915,2024-07-16,0,0,1,0,0,2023-05-28,2023-05-28,11900.00,0.00,0.00,2750,11900.000000000000
678113019,2023-04-21,0,1,null,0,0,2018-10-11,2018-10-11,48490.00,1.00,1.00,11520,48490.000000000000
690342498,2024-08-06,0,0,null,0,0,null,null,0.00,0.00,0.00,0,0E-12
690195694,2024-05-10,0,0,null,0,0,null,null,0.00,0.00,0.00,0,0E-12
664840333,2024-03-05,0,1,null,0,0,2006-02-17,2018-08-24,57370.00,1.00,0.00,23040,57370.000000000000
664503285,2023-04-04,0,1,null,0,0,2022-03-12,2022-03-12,23980.00,1.00,1.00,9280,23980.000000000000
664359863,2022-09-23,0,0,null,0,0,null,null,0.00,0.00,0.00,0,0E-12
683264489,2022-11-11,1,0,null,0,0,2009-02-18,2009-02-18,11690.00,0.50,0.50,5440,11690.000000000000
681235173,2022-06-18,0,1,null,0,0,2012-09-29,2014-09-26,27240.00,1.00,0.50,7680,27240.000000000000
682229253,2023-03-12,0,0,null,0,0,null,null,0.00,0.00,0.00,0,0E-12
676051597,2021-05-01,0,0,null,0,0,null,null,0.00,0.00,0.00,0,0E-12
675880447,2023-06-06,1,0,null,0,0,2007-02-13,2007-02-13,21490.00,1.00,1.00,8000,21490.000000000000
675692711,2025-02-23,1,0,null,0,0,2004-11-19,2004-11-19,17940.00,0.50,0.50,9920,17940.000000000000
676363879,2021-10-07,1,0,null,0,0,2011-11-01,2011-11-01,19490.00,1.00,1.00,5440,19490.000000000000
671170361,2021-04-22,0,0,null,0,0,null,null,0.00,0.00,0.00,0,0E-12
672409381,2025-04-02,0,1,null,1,0,2021-06-10,2021-06-10,13650.00,1.50,0.50,5600,13650.000000000000
679582813,2021-05-07,0,0,null,0,0,null,null,0.00,0.00,0.00,0,0E-12
678542867,2022-04-01,1,0,null,0,0,2016-06-07,2019-03-09,69600.00,1.00,0.50,16800,69600.000000000000
680327491,2019-03-09,0,0,null,0,0,null,null,0.00,0.00,0.00,0,0E-12
690757578,2024-10-04,0,0,null,0,0,null,null,0.00,0.00,0.00,0,0E-12
691912909,2024-07-31,0,0,null,0,0,null,null,0.00,0.00,0.00,0,0E-12
691310596,2023-12-17,0,0,null,0,0,null,null,0.00,0.00,0.00,0,0E-12
690510503,2022-06-27,1,0,null,0,0,2000-08-12,2021-09-10,26980.00,1.00,0.00,8000,26980.000000000000
689775514,2025-05-26,0,0,null,1,0,null,null,0.00,1.00,0.00,0,1695.000000000000
666411137,2022-04-30,1,0,null,0,0,2018-12-16,2019-12-15,23720.00,0.50,0.00,7680,23720.000000000000
667839450,2021-08-29,0,0,1,0,0,2021-04-12,2021-04-12,8289.00,0.00,0.00,2500,9657.000000000000
681292287,2023-03-25,1,0,null,0,0,2007-11-23,2007-11-30,131700.00,1.00,1.00,14880,49900.000000000000
682303745,2021-10-28,2,0,null,1,0,2000-08-03,2017-12-14,65830.00,3.00,1.00,22400,43840.000000000000
674388343,2025-02-21,0,1,null,0,0,2022-05-20,2024-08-31,33150.00,0.50,-0.50,9920,33150.000000000000
677088339,2021-09-13,1,0,null,0,0,2019-11-10,2019-11-10,16250.00,0.50,0.50,5440,16250.000000000000
673541431,2022-09-24,1,0,null,0,1,2004-02-17,2004-02-17,0.00,0.00,0.00,0,0E-12
670873011,2022-03-12,0,0,null,0,0,null,null,0.00,0.00,0.00,0,0E-12
678133657,2021-07-09,1,0,null,0,0,1997-08-15,1997-08-15,14990.00,1.00,1.00,7680,14990.000000000000
691901434,2024-02-16,0,0,null,0,0,null,null,0.00,0.00,0.00,0,0E-12
681628159,2025-07-28,1,0,null,0,0,2008-04-27,2013-09-11,34480.00,0.50,0.00,20160,34480.000000000000
683645686,2023-11-09,0,0,1,1,0,2022-12-07,2022-12-07,23980.00,1.00,0.00,6500,23980.000000000000
676614907,2017-12-02,1,0,null,0,0,2001-12-17,2010-05-25,23390.00,1.00,0.00,8000,23390.000000000000
676778145,2017-09-10,1,0,null,0,0,2012-09-14,2016-11-03,82805.00,3.00,1.00,23040,82805.000000000000
670773505,2021-09-24,0,1,null,0,0,2020-03-09,2020-03-09,19990.00,1.00,1.00,4800,19990.000000000000
680138127,2022-12-07,1,0,null,0,0,2015-10-16,2022-08-27,136270.00,3.00,2.00,25200,136270.000000000000
680004955,2025-02-10,1,0,null,0,0,2006-07-29,2006-07-29,21765.00,0.50,0.50,13440,21765.000000000000
692144903,2025-04-16,0,1,null,0,0,2013-03-09,2013-03-09,25860.00,0.50,0.50,13440,25860.000000000000
665380969,2022-04-20,0,0,null,0,0,null,null,0.00,0.00,0.00,0,0E-12
667035171,2024-08-08,0,1,null,0,0,2020-03-19,2022-07-17,37699.00,0.50,0.00,13440,37699.000000000000
666491631,2021-11-14,1,0,null,1,0,2007-04-07,2018-01-06,45238.00,2.00,0.50,11200,45238.000000000000
667387449,2023-12-27,1,0,null,0,0,2003-12-27,2003-12-27,16990.00,1.00,1.00,8000,16990.000000000000
680717673,2023-03-10,0,1,null,0,0,2016-02-12,2017-06-15,28095.00,0.50,-1.00,11200,28095.000000000000
683487549,2022-05-05,0,0,null,1,0,null,null,0.00,1.00,0.00,0,1695.000000000000
675867201,2024-05-26,1,0,null,0,0,2005-04-15,2010-12-20,26990.00,1.00,0.00,9280,26990.000000000000
675889603,2023-01-23,1,0,null,0,0,2008-07-16,2010-04-04,30895.00,0.50,0.00,14880,30895.000000000000
676981465,2022-10-09,0,1,null,0,0,2018-12-15,2018-12-15,23080.00,0.50,0.50,8160,23080.000000000000
679258513,2021-12-28,0,0,null,1,0,null,null,0.00,1.00,0.00,0,1695.000000000000
690754023,2022-02-01,1,0,null,0,0,2021-08-15,2021-08-15,29980.00,0.50,0.50,11520,29980.000000000000
664547869,2022-04-16,1,0,null,0,0,2015-12-18,2017-11-10,32425.00,1.00,0.00,8000,32425.000000000000
667370473,2024-09-06,0,1,null,0,0,2012-12-05,2017-10-28,54600.00,0.50,-0.50,20160,54600.000000000000
666730455,2023-10-13,0,1,null,0,0,2021-11-01,2021-11-01,0.00,1.00,1.00,5440,0E-12
682624135,2023-07-28,1,0,null,0,0,2021-10-29,2021-10-29,19980.00,1.00,1.00,5600,19980.000000000000
680979129,2023-10-12,0,1,null,0,0,2022-07-15,2022-07-15,14950.00,0.50,0.50,6720,14950.000000000000
682721645,2024-08-06,0,1,null,0,0,2019-08-04,2019-08-04,29970.00,0.50,0.50,11520,29970.000000000000
681030197,2021-07-26,0,1,null,2,0,2016-11-06,2016-11-06,24990.00,3.00,1.00,7680,24990.000000000000
683353835,2021-12-13,1,0,null,1,0,2005-08-12,2015-04-10,41694.00,2.00,0.00,8000,41694.000000000000
681918307,2023-05-11,0,1,null,0,0,2022-04-16,2022-04-16,17490.00,1.00,1.00,3840,17490.000000000000
679061433,2022-06-22,0,0,null,0,0,2014-06-28,2014-06-28,13390.00,0.00,0.00,0,13390.000000000000
690518354,2023-11-14,0,0,1,0,0,2023-09-03,2023-09-03,21980.00,0.00,0.00,6000,21980.000000000000
690351571,2024-08-20,1,0,null,0,0,2014-04-09,2014-04-09,19195.00,1.00,1.00,10880,19195.000000000000
691449375,2023-05-10,1,1,null,1,0,2004-11-15,2013-04-27,58851.00,3.00,0.00,22400,30456.000000000000
667190027,2023-06-28,0,1,null,0,0,2019-07-29,2019-11-26,66265.00,1.00,0.00,15360,66265.000000000000
667240689,2022-03-17,0,1,null,0,0,2016-02-15,2016-02-15,28990.00,1.00,1.00,9280,28990.000000000000
667036909,2024-05-01,1,0,null,0,0,2016-04-24,2023-04-17,40424.57,1.00,0.50,11520,40424.570000000000
683225175,2022-02-05,0,0,null,1,0,null,null,0.00,1.00,0.00,0,1695.000000000000
682367659,2023-01-27,0,1,null,0,0,2021-11-04,2021-11-04,9100.00,0.50,0.50,2560,9100.000000000000
681704597,2024-07-10,2,1,null,0,1,1998-05-17,2021-08-14,62890.00,1.50,-0.50,16640,42740.000000000000
683195881,2021-09-10,1,0,null,0,0,2017-01-29,2018-04-24,35129.00,0.50,0.50,5440,24490.000000000000
674822881,2021-05-20,1,0,null,0,0,2019-09-30,2019-09-30,33940.00,1.00,1.00,8000,33940.000000000000
671784201,2023-11-04,1,0,null,0,0,2008-10-23,2008-10-23,15290.00,1.00,1.00,5440,15290.000000000000
672059691,2024-03-11,0,0,null,1,0,null,null,0.00,1.00,0.00,0,1795.000000000000
672214967,2023-05-11,1,0,null,0,0,2018-11-14,2018-11-14,17870.00,0.50,0.50,5440,17870.000000000000
691018915,2022-10-13,0,1,null,0,0,2020-02-28,2020-02-28,8770.00,0.50,0.50,2560,8770.000000000000
690382992,2025-12-24,0,0,null,0,0,2023-08-24,2024-09-28,88940.00,0.00,0.00,0,34080.000000000000
667530671,2022-03-18,1,0,null,0,1,2004-03-14,2004-03-14,0.00,0.00,0.00,0,0E-12
682062371,2021-09-21,0,0,null,0,0,null,null,0.00,0.00,0.00,0,0E-12
673374685,2025-01-10,1,0,null,0,0,2013-08-15,2013-08-15,36300.00,1.00,1.00,9920,36300.000000000000
680173903,2024-05-14,1,0,null,0,0,2004-12-28,2004-12-28,12990.00,1.00,1.00,5440,12990.000000000000
679567831,2022-06-12,0,0,null,1,0,null,null,0.00,1.00,0.00,0,1695.000000000000
677318607,2024-11-05,1,0,null,0,0,2008-08-15,2018-03-16,45925.00,1.00,-0.50,8000,24105.000000000000
679858237,2021-11-26,0,1,null,1,0,2010-02-20,2010-02-20,10390.00,1.50,0.50,5600,10390.000000000000
689926687,2022-09-03,2,0,null,1,1,1998-03-04,2021-02-27,28980.00,1.50,0.00,11520,28980.000000000000
691308129,2023-05-12,1,0,null,0,0,2019-07-27,2021-03-15,51360.00,1.00,0.00,11200,51360.000000000000
690656063,2022-10-24,0,1,null,0,0,2011-02-27,2018-08-31,57690.00,1.00,0.50,11520,57690.000000000000
666543519,2024-11-26,0,0,null,0,0,2016-08-05,2016-08-05,42620.00,0.00,0.00,0,21310.000000000000
665124459,2024-06-03,0,0,null,0,0,null,null,0.00,0.00,0.00,0,0E-12
682924617,2024-10-07,1,0,null,0,0,2008-06-24,2008-06-24,13695.00,1.00,1.00,5440,13695.000000000000
675014383,2021-08-25,0,0,null,0,0,null,null,0.00,0.00,0.00,0,0E-12
676121017,2023-01-09,1,0,null,0,0,2002-05-18,2007-07-11,57900.00,1.00,0.00,23040,57900.000000000000
673520355,2022-06-29,0,0,null,0,0,null,null,0.00,0.00,0.00,0,0E-12
678035245,2021-04-07,1,0,null,0,0,2019-05-22,2019-05-22,13750.00,0.50,0.50,5440,13750.000000000000
679472449,2022-07-13,1,0,null,0,0,2021-08-06,2021-08-06,15980.00,0.50,0.50,6720,15980.000000000000
690987583,2021-10-13,0,0,null,0,0,2016-08-22,2016-08-22,29980.00,0.00,0.00,0,14990.000000000000
689998494,2024-01-27,0,0,null,0,0,null,null,0.00,0.00,0.00,0,0E-12
691880665,2023-09-30,0,1,null,0,0,2018-09-13,2018-09-13,17085.00,0.50,0.50,7680,17085.000000000000
691700234,2024-09-19,0,0,null,0,0,null,null,0.00,0.00,0.00,0,0E-12
683710858,2023-04-17,0,0,1,0,0,2022-04-11,2022-04-11,11900.00,0.00,0.00,2750,11900.000000000000
683613173,2022-12-27,0,1,null,0,0,2021-03-27,2021-12-27,25990.00,1.00,0.50,7680,25990.000000000000
676773945,2022-03-17,1,0,null,0,0,2019-09-04,2019-09-04,17700.00,0.50,0.50,8000,17700.000000000000
673810143,2022-05-22,0,0,null,1,0,null,null,0.00,1.00,0.00,0,1695.000000000000
678861343,2025-06-12,1,0,null,1,0,2016-12-13,2023-12-06,40990.00,2.00,0.00,16000,40990.000000000000
679665615,2025-12-13,0,1,null,0,0,2019-01-05,2020-10-11,39260.00,0.50,0.50,3520,24990.000000000000
690817424,2024-06-07,0,0,null,0,0,null,null,0.00,0.00,0.00,0,0E-12
690481387,2024-06-07,0,2,null,1,0,2014-12-14,2016-05-20,48199.00,2.00,0.00,19840,25098.000000000000
666905619,2023-04-17,1,0,null,1,0,2003-10-27,2003-10-27,16490.00,2.00,1.00,8000,16490.000000000000
665224375,2023-08-22,1,1,null,0,0,2005-05-30,2022-06-07,52968.00,1.50,0.50,19840,35336.000000000000
683638067,2021-12-24,0,0,null,0,0,2018-01-12,2018-01-12,29380.00,0.00,0.00,0,14690.000000000000
671902201,2022-01-21,0,0,null,0,0,null,null,0.00,0.00,0.00,0,0E-12
672103665,2025-02-16,1,0,null,0,0,2011-05-27,2016-07-15,39829.00,1.00,0.00,13440,39829.000000000000
679567651,2026-08-03,0,0,1,1,0,2025-09-30,2025-09-30,15705.00,1.00,0.00,3250,15705.000000000000
690916456,2023-12-10,0,0,null,0,0,null,null,0.00,0.00,0.00,0,0E-12
664347111,2024-09-28,1,0,null,1,0,2021-07-09,2022-01-19,103413.00,2.00,0.00,23040,103413.000000000000
666577899,2023-10-29,1,0,null,0,0,2001-03-18,2001-03-18,14400.00,1.00,1.00,6720,14400.000000000000
674211545,2023-07-18,0,1,null,0,0,2018-07-07,2022-12-31,49990.00,1.00,0.50,10560,49990.000000000000
676315325,2024-09-27,0,1,null,0,0,2019-01-04,2019-03-09,51790.00,1.00,0.50,11520,51790.000000000000
672406697,2023-08-16,1,0,null,1,0,2010-05-18,2014-08-11,34195.00,2.00,-0.50,12000,34195.000000000000
677921723,2022-05-18,0,0,null,0,0,null,null,0.00,0.00,0.00,0,0E-12
691727578,2025-04-07,1,0,null,0,0,2024-04-15,2024-04-15,36990.00,1.00,1.00,8160,36990.000000000000
691627111,2021-08-20,0,1,null,0,0,2019-07-10,2020-11-16,18850.00,0.50,0.00,5600,18850.000000000000
666820817,2026-03-10,1,2,1,0,0,2014-12-18,2025-07-18,233246.00,3.00,0.00,52420,98330.000000000000
666517531,2023-07-17,1,0,null,0,0,2016-07-15,2019-11-08,29990.00,1.00,0.50,4960,29990.000000000000
683165067,2024-01-13,1,0,null,0,0,1999-08-06,2002-08-04,25400.00,1.00,0.00,13440,25400.000000000000
681890198,2024-02-16,0,0,null,1,0,null,null,0.00,1.00,0.00,0,1695.000000000000
682957563,2022-03-04,3,0,null,0,0,2000-08-06,2007-04-11,49890.00,3.00,3.00,24000,19490.000000000000
675120365,2025-05-28,1,0,null,0,0,2019-04-28,2022-04-15,34990.00,1.00,0.50,8000,34990.000000000000
673189203,2021-08-24,0,2,null,1,0,2014-10-24,2018-03-20,66970.00,3.00,0.00,19200,39980.000000000000
672316079,2023-10-02,0,0,1,0,0,2023-05-05,2023-05-05,6900.00,0.00,0.00,2750,6900.000000000000
690956655,2019-11-27,0,0,null,1,0,null,null,0.00,1.00,0.00,0,1695.000000000000
691053337,2023-08-07,0,1,null,0,0,2014-12-12,2019-10-12,29970.00,0.50,0.00,11520,29970.000000000000
690238831,2023-07-02,0,0,null,0,0,null,null,0.00,0.00,0.00,0,0E-12
665477931,2021-09-14,0,1,null,0,0,2015-08-31,2016-12-15,26600.00,0.50,0.00,11520,26600.000000000000
680742870,2022-08-06,0,0,null,0,0,null,null,0.00,0.00,0.00,0,2495.000000000000
681004447,2024-04-03,1,0,null,0,0,2007-09-15,2007-09-15,19630.00,0.50,0.50,10080,19630.000000000000
677612375,2021-11-23,0,1,null,0,0,2019-10-03,2019-10-03,29970.00,0.50,0.50,11520,29970.000000000000
690264265,2023-07-03,0,1,null,0,0,2017-12-03,2019-11-20,32750.00,1.00,0.50,5952,32750.000000000000
691258433,2021-07-30,0,1,null,0,0,2016-05-14,2019-08-29,64990.00,1.00,0.00,14720,64990.000000000000
693525438,2025-07-10,0,0,null,0,0,null,null,0.00,0.00,0.00,0,0E-12
694027252,2024-09-03,0,0,null,0,0,null,null,0.00,0.00,0.00,0,0E-12
693171122,2024-06-21,0,0,null,0,0,null,null,0.00,0.00,0.00,0,0E-12
694775575,2025-04-24,1,0,null,0,0,2003-11-02,2018-02-28,31290.00,0.50,-0.50,11520,31290.000000000000
688527792,2023-09-25,0,0,null,0,0,null,null,0.00,0.00,0.00,0,0E-12
76584,2021-12-26,0,0,3,0,0,1997-08-06,2020-11-01,204720.00,-1.00,-1.00,23500,55175.000000000000
471213,2021-07-10,0,0,1,0,0,1986-05-10,1986-05-10,11250.00,1.00,1.00,7000,null
27331078,2022-07-18,0,0,null,0,3,2003-02-02,2007-08-13,59500.00,null,null,125000,59500.000000000000
26615227,2022-10-18,0,0,null,0,0,2017-09-25,2017-09-25,7010.00,0.00,0.00,3000,7805.000000000000
669861537,2022-10-08,0,0,null,0,0,null,null,0.00,0.00,0.00,0,0E-12
4726453,2021-10-17,0,0,1,0,0,1997-10-04,2020-11-01,180665.00,0.00,0.00,500,45800.000000000000
4793022,2021-07-12,0,0,3,0,0,2004-03-29,2020-11-01,258504.00,0.00,0.00,28500,74025.000000000000
4428725,2023-06-26,0,0,4,0,0,2003-06-13,2022-10-17,46223.00,-0.50,-0.50,9500,18980.000000000000
694764191,2023-05-18,0,0,null,1,0,null,null,0.00,1.00,0.00,0,1795.000000000000
694263726,2025-01-04,0,0,null,0,0,null,null,0.00,0.00,0.00,0,0E-12
694313525,2022-03-25,0,0,null,0,0,null,null,0.00,0.00,0.00,0,0E-12
688184624,2023-12-28,0,0,1,0,0,2023-03-12,2023-03-12,24480.00,0.00,0.00,5500,24480.000000000000
688688967,2024-12-03,1,0,null,0,0,2005-09-20,2005-09-20,27900.00,1.00,1.00,7680,27900.000000000000
688868791,2022-06-22,2,2,null,0,0,2006-08-10,2016-05-28,232546.00,5.00,5.00,69920,121576.000000000000
686455960,2024-01-21,0,0,null,1,0,null,null,0.00,1.00,0.00,0,1695.000000000000
684293947,2025-06-16,0,0,1,0,0,2024-11-04,2024-11-04,18400.00,0.00,0.00,4000,18400.000000000000
685330414,2026-02-25,0,0,1,0,0,2023-04-30,2025-07-31,77980.00,0.00,0.00,16000,55500.000000000000
684253462,2024-06-30,1,0,null,0,0,2023-03-09,2023-03-09,16250.00,0.50,0.50,5440,16250.000000000000
684848595,2021-05-04,0,0,null,1,0,null,null,0.00,1.00,0.00,0,1795.000000000000
632923,2024-09-07,2,0,5,1,0,1997-09-21,2024-08-26,951565.00,5.00,2.00,86000,189998.000000000000
30414946,2023-11-06,0,0,null,1,0,null,null,0.00,null,0.00,0,895.000000000000
669913205,2025-10-31,4,0,null,0,0,2003-12-12,2022-11-25,199374.00,6.00,4.00,63200,62285.000000000000
668100231,2024-12-30,1,0,null,0,0,2007-02-12,2013-12-15,61900.00,2.00,1.00,24000,61900.000000000000
692644109,2023-01-12,1,0,null,1,0,2015-10-20,2019-12-10,27295.00,2.00,-0.50,8000,27295.000000000000
694966591,2021-11-26,0,1,null,0,0,2018-11-20,2020-12-30,45990.00,1.00,0.50,10560,45990.000000000000
694771215,2025-10-01,0,1,null,0,0,2019-12-26,2025-04-22,24700.00,0.50,0.00,8000,24700.000000000000
687906491,2023-07-26,2,0,null,0,2,2002-07-13,2007-10-27,0.00,0.00,0.00,0,0E-12
686650986,2023-06-03,0,0,null,0,0,null,null,0.00,0.00,0.00,0,0E-12
688613776,2024-01-22,0,0,null,1,0,null,null,0.00,1.00,0.00,0,1695.000000000000
688358426,2023-07-05,0,0,null,0,0,null,null,0.00,0.00,0.00,0,0E-12
685043479,2022-02-09,3,0,null,0,0,2007-04-12,2018-08-20,139296.00,3.00,-1.00,38560,112401.000000000000
684518141,2022-07-13,2,0,null,0,0,2003-01-11,2021-08-02,134306.00,2.00,0.00,34240,62990.000000000000
684230665,2023-01-25,0,0,null,1,0,null,null,0.00,1.00,0.00,0,1695.000000000000
160524,2025-12-24,0,0,3,0,0,1993-03-04,2020-11-01,36385.00,-1.00,-1.00,4500,null
1245370,2023-06-17,0,0,1,0,0,1999-04-10,2020-11-01,26890.00,-1.00,-1.00,4000,12400.000000000000
27569781,2020-02-21,0,0,null,0,3,2007-03-26,2014-04-05,36150.00,0.00,0.00,37250,36150.000000000000
26681415,2019-06-30,0,0,null,0,0,null,null,0.00,0.00,0.00,0,0E-12
669431873,2023-08-01,1,0,null,0,0,2014-09-18,2022-11-01,37050.00,0.50,-0.50,13440,37050.000000000000
668874123,2021-10-29,0,1,null,0,0,2011-10-22,2017-05-13,59008.00,2.00,1.00,32000,59008.000000000000
4729396,2025-08-20,0,0,3,0,0,2001-07-07,2022-08-19,62360.00,0.00,0.00,18000,40920.000000000000
5027611,2022-10-17,0,0,7,0,0,1988-04-10,2005-03-30,59601.27,0.00,0.00,27000,0E-12
5353616,2023-11-07,0,0,3,0,0,2004-08-25,2021-05-18,92686.60,0.00,0.00,7500,27300.000000000000
694074745,2023-11-25,1,1,null,0,0,2019-11-01,2023-02-23,125664.00,3.00,2.00,30720,75482.000000000000
693091386,2025-02-09,0,1,null,0,0,2024-11-16,2024-11-16,53990.00,1.00,1.00,11200,53990.000000000000
688258017,2021-08-03,1,1,null,0,0,2015-05-12,2019-06-29,176135.00,2.50,1.00,32960,92640.000000000000
687179268,2024-03-22,0,0,null,1,0,null,null,0.00,1.00,0.00,0,1695.000000000000
688419278,2024-07-11,0,0,null,1,0,null,null,0.00,1.00,0.00,0,1795.000000000000
688804591,2022-11-26,0,1,null,0,0,2016-03-05,2016-03-05,11840.00,1.00,1.00,2560,11840.000000000000
687122362,2022-12-24,0,0,null,0,0,null,null,0.00,0.00,0.00,0,0E-12
686537535,2024-01-18,0,1,null,0,1,2004-10-11,2004-10-11,0.00,0.00,0.00,0,0E-12
684682257,2021-09-04,2,0,null,0,0,1996-01-20,2020-03-10,220168.00,4.00,0.50,107520,262560.000000000000
685857418,2022-10-28,0,0,null,0,0,null,null,0.00,0.00,0.00,0,0E-12
685668467,2024-04-05,1,2,null,0,0,2013-04-20,2017-11-14,83220.00,3.00,3.00,37440,39770.000000000000
683961409,2024-06-20,1,0,null,1,0,2001-09-05,2001-09-05,13554.00,2.00,1.00,8000,13554.000000000000
685843227,2021-10-17,1,2,null,0,0,2013-07-03,2020-12-11,151360.00,4.00,3.00,43200,94980.000000000000
268479,2024-06-01,0,0,1,0,0,1998-02-09,1998-02-09,6700.00,1.00,1.00,3000,null
73951,2023-09-09,1,0,2,0,0,1996-06-16,2023-09-07,173210.00,0.00,0.00,21800,69150.000000000000
1262808,2022-02-14,0,0,2,0,0,2001-03-21,2020-11-01,27520.00,-0.50,-0.50,4500,9730.000000000000
28003007,2023-09-20,0,0,null,0,0,2022-12-01,2022-12-01,15100.00,0.00,0.00,5000,15100.000000000000
29040805,2024-05-18,0,0,null,0,2,2019-03-05,2022-11-23,24920.00,0.00,0.00,45000,57630.000000000000
29058958,2023-08-23,0,0,null,0,0,2015-12-20,2017-07-06,24982.00,0.00,0.00,10000,12682.000000000000
30462216,2019-07-08,0,0,null,0,0,2017-10-20,2017-11-27,23750.00,0.00,0.00,9000,13900.000000000000
669425659,2024-04-15,1,0,null,0,0,2021-01-28,2022-09-25,24700.00,0.50,0.00,8000,24700.000000000000
669112065,2023-12-09,1,2,null,0,0,2013-06-06,2018-07-10,223107.00,4.00,1.00,39360,69114.000000000000
692234997,2022-10-16,0,0,null,0,0,null,null,0.00,0.00,0.00,0,0E-12
693075008,2024-11-15,0,0,null,0,0,null,null,0.00,0.00,0.00,0,0E-12
695768087,2024-07-07,2,0,null,0,0,2014-06-14,2023-12-31,246956.00,2.00,0.00,40320,126902.000000000000
694450722,2025-07-17,0,0,null,1,0,null,null,0.00,1.00,0.00,0,1695.000000000000
696175982,2025-10-18,0,0,null,0,0,null,null,0.00,0.00,0.00,0,0E-12
694329727,2023-10-09,1,0,null,0,0,2018-10-05,2018-10-05,19500.00,0.50,0.50,7680,19500.000000000000
694537847,2025-05-13,1,0,null,0,0,2018-05-15,2023-05-23,29990.00,1.00,0.00,6720,29990.000000000000
687819886,2024-02-08,0,0,null,0,0,null,null,0.00,0.00,0.00,0,0E-12
688256691,2024-02-08,0,1,null,0,0,2018-09-20,2018-11-07,21320.00,0.50,0.00,7680,21320.000000000000
689520021,2024-08-12,1,0,null,0,0,2015-12-27,2017-01-02,111486.00,1.00,1.00,8000,42748.000000000000
687742021,2026-02-05,1,2,1,0,0,2009-12-31,2025-05-07,178682.00,4.00,3.00,47360,103362.000000000000
689398229,2021-12-12,0,0,null,1,0,null,null,0.00,1.00,0.00,0,1695.000000000000
689463282,2024-02-10,0,0,null,1,0,null,null,0.00,1.00,0.00,0,1695.000000000000
688945867,2023-05-20,1,0,null,0,0,2019-01-26,2019-01-26,17850.00,0.50,0.50,6720,17850.000000000000
688620490,2024-05-12,0,0,null,1,0,null,null,0.00,1.00,0.00,0,1795.000000000000
686409182,2024-02-01,1,0,null,0,0,2023-06-22,2023-06-22,15600.00,0.50,0.50,5440,15600.000000000000
686474165,2022-12-15,0,2,null,0,0,2021-07-08,2022-10-05,97769.00,2.00,1.50,28800,63990.000000000000
684915259,2025-06-19,1,0,null,0,0,2015-03-07,2023-01-26,81944.00,1.00,0.00,14880,81944.000000000000
30178884,2020-07-05,0,0,null,0,0,2017-02-12,2017-12-12,52760.00,0.00,0.00,6000,19050.000000000000
29790443,2024-02-19,0,0,null,0,1,2017-02-20,2023-03-23,81830.00,0.00,null,48000,111780.000000000000
30339113,2022-03-16,0,0,null,0,1,2007-12-24,2018-12-24,94500.00,0.00,0.00,81000,90550.000000000000
669911467,2022-06-28,0,1,null,0,0,2015-07-07,2017-10-30,43135.00,1.00,-1.00,11200,43135.000000000000
667865851,2022-12-14,0,0,null,0,0,null,null,0.00,0.00,0.00,0,0E-12
668905845,2024-01-06,1,0,null,0,0,2020-01-25,2020-01-25,90699.10,1.00,1.00,23040,90699.100000000000
694442328,2025-08-25,0,0,null,1,0,null,null,0.00,1.00,0.00,0,1695.000000000000
693297046,2025-05-26,0,0,null,1,0,null,null,0.00,1.00,0.00,0,1795.000000000000
693288082,2024-07-08,0,0,null,0,0,null,null,0.00,0.00,0.00,0,0E-12
694850282,2025-05-30,0,0,null,0,0,null,null,0.00,0.00,0.00,0,0E-12
694399867,2022-05-07,0,0,null,0,0,null,null,0.00,0.00,0.00,0,0E-12
695816059,2024-12-09,0,0,null,1,0,null,null,0.00,1.00,0.00,0,1695.000000000000
689025265,2015-10-22,1,0,null,0,0,2011-11-28,2011-11-28,19990.00,1.00,1.00,5440,19990.000000000000
686990658,2023-01-08,0,0,null,0,0,null,null,0.00,0.00,0.00,0,0E-12
684861715,2025-07-02,0,2,null,0,0,2019-06-08,2023-05-21,70980.00,2.00,1.00,17280,38990.000000000000
684129709,2024-07-13,0,1,null,0,0,2018-03-27,2023-07-19,81990.00,1.00,0.00,30720,81990.000000000000
684481760,2023-06-01,0,0,null,1,0,null,null,0.00,1.00,0.00,0,1795.000000000000
684757891,2022-09-17,1,0,null,0,0,2010-02-24,2010-02-24,19195.00,1.00,1.00,16000,19195.000000000000
685120261,2021-11-08,0,1,null,0,0,2013-06-01,2021-07-08,26575.00,0.50,-1.00,8800,26575.000000000000
30122155,2019-01-13,0,0,null,0,1,2017-08-28,2017-08-28,10905.00,0.00,0.00,22000,31847.250000000000
669358223,2022-09-05,0,0,null,0,0,null,null,0.00,0.00,0.00,0,0E-12
668572937,2025-03-24,3,1,null,2,0,2006-06-06,2022-01-27,235645.00,9.00,2.50,85440,87060.000000000000
4725072,2025-05-20,0,0,1,0,0,2000-12-14,2020-12-29,59360.00,0.00,0.00,6500,24640.000000000000
696038185,2023-07-18,1,0,null,0,0,2020-10-09,2020-10-09,12980.00,0.50,0.50,5440,12980.000000000000
695757669,2021-05-19,0,1,null,1,0,2016-08-03,2018-06-06,34704.00,2.00,0.50,9280,34704.000000000000
696446981,2025-06-06,0,1,null,1,0,2022-10-31,2022-10-31,25350.00,1.50,0.50,8000,25350.000000000000
687353415,2022-04-30,1,0,null,0,0,2017-05-05,2018-09-27,45906.00,1.00,0.50,11520,45906.000000000000
684356473,2022-03-19,1,0,null,0,0,2020-07-24,2020-07-24,19980.00,0.50,0.50,7680,19980.000000000000
27444930,2022-05-31,0,0,null,1,0,2014-11-13,2014-11-13,10410.00,null,0.00,5000,11205.000000000000
30404350,2022-05-09,0,0,null,0,1,2017-12-09,2019-06-28,48680.00,0.00,null,10500,14270.000000000000
30123489,2021-10-10,0,0,null,0,1,2017-10-10,2020-10-25,81295.00,0.00,null,15000,62375.000000000000
29987355,2021-07-17,0,0,null,0,1,2019-03-20,2019-03-20,14510.00,0.00,0.00,7000,15305.000000000000
26678941,2021-11-26,0,0,null,1,0,2013-11-08,2014-08-11,30320.00,null,0.00,16000,20400.000000000000
26422546,2024-10-20,0,0,null,0,0,2020-09-28,2020-09-28,57500.00,0.00,null,0,28750.000000000000
669260019,2023-03-05,0,1,null,0,0,2015-07-31,2015-07-31,23750.00,0.50,0.50,11200,23750.000000000000
5459269,2024-08-27,0,0,2,0,0,1999-08-12,2020-11-01,null,0.00,null,null,null
694644631,2023-11-10,1,0,null,0,0,2019-05-21,2019-05-21,15120.00,0.50,0.50,5440,15120.000000000000
695925043,2024-05-28,0,3,2,0,0,2017-11-03,2024-04-28,306240.00,3.00,1.00,54260,95265.000000000000
693107924,2025-03-18,0,0,null,0,0,null,null,0.00,0.00,0.00,0,0E-12
694184798,2025-12-01,0,0,null,0,0,null,null,0.00,0.00,0.00,0,0E-12
688710412,2024-07-03,0,0,null,1,0,null,null,0.00,1.00,0.00,0,1695.000000000000
689196692,2024-03-30,0,0,null,0,0,null,null,0.00,0.00,0.00,0,0E-12
687738601,2025-06-06,0,1,null,0,0,2019-09-23,2021-04-01,46990.00,1.00,0.50,11200,46990.000000000000
687621316,2023-04-22,0,0,null,0,0,null,null,0.00,0.00,0.00,0,0E-12
685916603,2021-04-13,1,1,null,0,0,2012-06-15,2015-09-04,52631.00,1.50,0.50,16640,40281.000000000000
683946517,2022-10-26,1,0,null,0,0,2013-02-15,2018-04-02,60141.00,0.50,0.00,20160,60141.000000000000
684119285,2022-09-20,0,1,null,0,0,2019-12-29,2019-12-29,30340.00,1.00,1.00,5952,30340.000000000000
477034,2022-11-18,0,0,3,0,0,1991-03-26,2020-11-01,155798.00,-1.00,-1.00,44000,83598.000000000000
875275,2021-11-02,0,0,2,0,0,1996-07-08,2020-11-01,28375.00,1.00,1.00,11000,null
30164030,2019-01-08,0,0,null,1,0,2018-11-06,2018-11-06,18500.00,0.00,0.00,0,10145.000000000000
30466484,2022-11-19,0,0,null,0,1,2018-06-12,2018-09-22,24030.00,null,null,10000,15580.000000000000
669584401,2022-07-25,0,6,null,0,0,2014-05-30,2022-02-12,243147.00,5.50,-5.50,59840,192512.000000000000
694493373,2021-07-04,1,4,null,0,0,2012-01-06,2020-09-23,193642.00,5.00,4.00,68640,52761.000000000000
694332035,2022-08-17,0,0,null,0,0,null,null,0.00,0.00,0.00,0,0E-12
694843981,2022-01-18,0,0,null,0,0,null,null,0.00,0.00,0.00,0,0E-12
687760117,2021-08-13,0,1,null,0,0,2017-12-17,2017-12-17,31040.00,0.50,0.50,11520,31040.000000000000
688248375,2022-09-05,1,0,null,0,0,2009-09-13,2018-05-10,66491.00,1.00,0.00,27840,66491.000000000000
688628289,2018-06-30,1,0,null,0,0,2002-10-22,2014-12-04,126761.00,1.00,0.00,11200,54087.000000000000
688488290,2025-02-18,0,0,null,1,0,null,null,0.00,1.00,0.00,0,1695.000000000000
684828362,2023-05-05,0,0,null,0,0,null,null,0.00,0.00,0.00,0,0E-12
684053017,2022-01-27,1,0,null,0,0,2016-12-27,2016-12-27,10586.00,0.50,0.00,8000,20220.000000000000
684392670,2022-06-20,0,0,null,0,0,null,null,0.00,0.00,0.00,0,0E-12
670157341,2023-04-17,1,1,null,0,0,2016-05-10,2022-09-20,198070.00,1.50,0.50,19680,51160.000000000000
670378583,2022-04-02,3,1,null,1,2,2000-06-13,2021-06-27,128393.00,3.00,0.00,32160,69752.000000000000
4966781,2023-04-27,0,0,2,0,0,2004-04-01,2020-11-01,18730.00,0.00,0.00,6500,null
4889413,2024-08-27,0,0,7,0,0,1999-07-09,2016-07-06,135970.08,0.00,0.00,46000,8799.000000000000
695318629,2022-04-09,0,0,null,0,0,null,null,0.00,0.00,0.00,0,0E-12
693232084,2024-06-03,0,0,null,0,0,null,null,0.00,0.00,0.00,0,0E-12
688245877,2022-08-28,0,1,null,0,0,2021-08-30,2021-08-30,49980.00,1.00,1.00,23040,49980.000000000000
689342134,2023-12-19,0,0,null,0,0,null,null,0.00,0.00,0.00,0,0E-12
688544261,2021-06-25,1,0,null,0,1,2000-10-10,2018-11-18,66140.00,0.00,0.00,0,16820.000000000000
684950480,2024-09-23,0,0,1,1,0,2023-04-10,2023-04-10,15900.00,1.00,0.00,4000,15900.000000000000
685917296,2024-02-09,0,0,null,0,0,null,null,0.00,0.00,0.00,0,0E-12
30313480,2022-04-14,0,0,null,0,0,2017-07-22,2017-11-11,33147.00,null,null,15000,17040.000000000000
30169405,2022-08-28,0,0,null,0,2,2010-08-15,2016-11-19,39350.00,null,null,27500,29350.000000000000
668913055,2025-07-24,1,0,null,0,0,2011-02-05,2011-02-05,90490.00,1.00,1.00,23040,90490.000000000000
4722185,2023-10-16,0,0,1,0,0,1999-08-30,2020-11-01,12865.00,0.00,0.00,8500,null
692715776,2024-09-12,0,0,null,0,0,null,null,0.00,0.00,0.00,0,0E-12
693935218,2024-10-07,0,0,null,0,0,null,null,0.00,0.00,0.00,0,0E-12
688422151,2022-09-28,0,0,null,0,0,null,null,0.00,0.00,0.00,0,0E-12
687198956,2023-03-19,0,0,null,0,0,null,null,0.00,0.00,0.00,0,0E-12
688884027,2022-06-05,1,0,null,0,0,2017-04-22,2017-04-22,27310.00,0.50,0.50,9920,27310.000000000000
687005598,2023-07-28,0,0,null,0,0,null,null,0.00,0.00,0.00,0,0E-12
686925021,2016-06-23,1,0,null,0,1,1998-04-28,2015-06-19,17880.00,0.00,0.00,0,8940.000000000000
687633172,2025-01-13,0,0,null,1,0,null,null,0.00,1.00,0.00,0,1695.000000000000
877547,2022-01-18,0,0,1,0,0,1993-07-12,2020-11-01,65773.00,-2.50,-2.50,5500,19568.000000000000
27781735,2021-06-12,0,0,null,0,1,2012-11-24,2014-12-13,28300.00,null,null,20500,28300.000000000000
30311035,2024-07-30,0,0,null,0,1,2017-03-15,2020-10-24,25800.00,0.00,0.00,10000,13000.000000000000
30344809,2019-05-14,0,0,null,1,0,null,null,0.00,null,0.00,0,895.000000000000
670222495,2023-10-08,1,1,null,0,0,2005-03-27,2022-02-27,86275.00,2.00,1.00,22720,55285.000000000000
668724895,2022-07-13,1,1,null,0,0,2008-06-14,2021-12-11,317062.90,3.00,1.00,76800,232572.900000000000
668562819,2022-01-20,4,0,null,0,0,2001-11-24,2009-12-04,188700.00,4.00,2.00,60800,68500.000000000000
5040926,2025-03-13,0,0,2,0,0,1992-03-27,2020-11-01,12870.00,0.00,0.00,4500,0E-12
695971694,2025-02-26,0,0,null,0,0,null,null,0.00,0.00,0.00,0,0E-12
687712748,2023-06-13,0,0,null,0,0,null,null,0.00,0.00,0.00,0,0E-12
688726878,2023-06-03,0,0,null,0,0,null,null,0.00,0.00,0.00,0,0E-12
686507441,2023-07-26,0,1,null,0,0,2022-03-06,2022-03-06,16250.00,0.50,0.50,7680,16250.000000000000
684729978,2022-06-18,0,0,null,0,0,null,null,0.00,0.00,0.00,0,0E-12
684098487,2024-10-08,2,0,null,1,0,2000-12-28,2017-04-27,62195.00,3.00,0.00,22720,43205.000000000000
684033820,2024-05-08,0,1,2,0,0,2022-07-13,2024-02-27,159758.00,1.00,0.50,32200,72150.000000000000
30177929,2021-12-07,0,0,null,0,3,2017-09-25,2021-06-23,51670.00,null,null,20000,13250.000000000000
669750411,2022-04-01,1,0,null,0,0,2018-04-03,2020-10-19,45980.00,1.00,0.50,13440,45980.000000000000
4727887,2025-02-27,0,0,1,0,0,2000-07-11,2023-11-08,155459.00,0.00,0.00,-7000,52600.000000000000
4726293,2024-07-15,0,0,5,0,0,2001-07-08,2021-07-08,64737.00,-0.50,-0.50,17000,16788.000000000000
692243649,2024-10-15,1,0,null,0,0,2010-01-10,2010-01-10,11425.50,0.50,0.50,6720,11425.500000000000
687538435,2023-02-15,2,0,null,0,0,2012-02-15,2019-10-26,243372.00,4.00,1.00,57280,133363.000000000000
688943997,2021-10-11,1,0,null,1,0,2009-11-12,2021-05-23,68302.00,2.00,0.00,12000,42990.000000000000
689551625,2023-07-01,0,0,null,1,0,null,null,0.00,1.00,0.00,0,1695.000000000000
684634519,2022-05-20,1,0,null,0,0,2010-08-29,2021-08-18,126280.00,1.00,0.00,23040,126280.000000000000
684394233,2022-03-06,0,1,null,0,0,2016-05-29,2016-05-29,14620.00,0.50,0.50,6720,14620.000000000000
683992147,2022-11-08,3,0,null,1,0,1996-05-04,2021-09-21,85840.00,4.00,-1.00,55200,162091.000000000000
685603102,2024-12-24,0,0,1,0,0,2024-09-12,2024-09-12,9900.00,0.00,0.00,2750,9900.000000000000
28837097,2023-05-31,0,0,null,0,3,2015-10-27,2023-01-09,42225.00,0.00,0.00,17500,13300.000000000000
669862699,2024-12-22,1,0,null,0,0,2001-09-22,2014-07-03,37490.00,1.00,0.50,9280,37490.000000000000
4721243,2024-10-12,0,0,1,1,0,2000-09-21,2020-11-01,8990.00,1.00,0.00,4000,1695.000000000000
695820213,2021-07-13,0,0,null,1,0,null,null,0.00,1.00,0.00,0,1695.000000000000
693992778,2024-08-01,0,0,null,0,0,null,null,0.00,0.00,0.00,0,0E-12
696537633,2023-04-05,0,0,null,0,0,null,null,0.00,0.00,0.00,0,0E-12
688664169,2022-09-16,1,0,null,0,0,2012-03-06,2022-03-24,198980.00,2.00,0.00,33120,198980.000000000000
688245086,2023-06-02,0,0,null,0,0,null,null,0.00,0.00,0.00,0,0E-12
688232674,2023-06-24,0,0,null,0,0,null,null,0.00,0.00,0.00,0,0E-12
688196968,2023-03-26,0,0,null,0,0,null,null,0.00,0.00,0.00,0,0E-12
688418769,2015-03-23,0,0,null,0,0,null,null,0.00,0.00,0.00,0,0E-12
686168461,2024-10-20,0,1,null,0,0,2014-12-15,2017-12-02,0.00,1.00,1.00,36800,0E-12
686006108,2023-01-14,0,0,1,0,0,2022-09-22,2022-09-22,27480.00,0.00,0.00,8000,27480.000000000000
29695168,2020-08-04,0,0,null,1,0,2015-12-28,2016-02-27,21650.00,null,0.00,9000,12700.000000000000
30271592,2020-10-04,0,0,null,1,0,2018-01-26,2018-01-26,12700.00,null,0.00,4000,12700.000000000000
26147219,2024-09-26,0,0,null,0,3,2010-06-17,2011-07-05,48250.00,null,null,60750,41800.000000000000
670255499,2023-04-19,0,1,null,0,0,2017-11-06,2017-11-06,21770.00,0.50,0.50,8160,21770.000000000000
669647571,2023-01-08,2,1,null,0,0,2015-02-07,2020-11-14,251123.00,4.00,2.00,80960,115266.000000000000
668741997,2023-10-26,0,0,null,1,0,null,null,0.00,1.00,0.00,0,1695.000000000000
696027054,2026-01-20,0,0,1,0,0,2025-02-27,2025-02-27,12900.00,0.00,0.00,2750,12900.000000000000
693929838,2025-03-21,0,0,null,0,0,null,null,0.00,0.00,0.00,0,0E-12
688064822,2023-05-28,0,0,null,0,0,null,null,0.00,0.00,0.00,0,0E-12
688777552,2023-10-29,0,0,null,0,0,null,null,0.00,0.00,0.00,0,0E-12
688199136,2024-09-24,0,0,null,1,0,null,null,0.00,1.00,0.00,0,1695.000000000000
687098785,2022-01-25,0,0,null,1,0,null,null,0.00,1.00,0.00,0,1695.000000000000
688083281,2024-01-21,0,1,null,0,0,2006-06-05,2019-04-02,78660.00,1.00,0.00,20160,78660.000000000000
684756419,2019-03-18,0,0,null,0,0,null,null,0.00,0.00,0.00,0,0E-12
685319383,2023-09-16,1,0,null,0,0,2017-05-13,2022-09-17,40200.00,1.00,0.50,6720,40200.000000000000
685271478,2022-08-06,0,0,null,0,0,null,null,0.00,0.00,0.00,0,0E-12
260113,2021-11-06,0,0,3,0,0,1999-07-17,2020-11-01,34605.00,0.50,0.50,15000,18605.000000000000
30108466,2019-07-15,0,0,null,0,0,2017-08-01,2018-02-24,32806.00,0.00,0.00,16000,19100.000000000000
668707887,2024-12-21,1,1,null,3,0,2012-10-14,2022-03-21,113556.00,5.00,1.00,22400,45110.000000000000
4726900,2022-03-16,0,0,2,0,0,2000-03-17,2020-11-01,662806.00,0.00,0.00,7500,150000.000000000000
4583184,2021-03-19,0,0,2,0,0,2005-07-29,2020-11-01,62525.00,0.00,0.00,8500,10200.000000000000
695442980,2025-11-25,0,0,null,0,0,null,null,0.00,0.00,0.00,0,0E-12
694417479,2022-09-01,6,0,null,0,1,1996-05-18,2020-02-29,56621.00,5.00,-10.00,58080,148470.000000000000
688598347,2021-03-20,2,0,null,0,2,1998-02-08,2002-07-19,0.00,0.00,0.00,0,0E-12
688820207,2023-06-08,3,0,null,0,0,2008-12-08,2018-03-08,246687.00,5.00,-1.00,55920,145330.000000000000
684076409,2022-07-25,0,3,null,0,0,2013-09-01,2013-09-01,35500.00,2.00,2.00,33600,18000.000000000000
684302185,2024-10-21,0,1,null,0,0,2013-04-09,2015-10-25,43885.00,1.00,0.00,11200,43885.000000000000
28028922,2023-04-08,0,0,null,0,1,2007-05-16,2021-06-03,38900.00,0.00,0.00,21000,21200.000000000000
28631253,2019-05-19,0,0,null,1,0,null,null,0.00,null,0.00,0,895.000000000000
